Date;Créatif;Impressions;Clics;Dépense (CAD);Conversions;Fréquence
08/08/2026;Carrousel_Croisière_Fjord;8 056;88;72,50;1;1,18
06/08/2026;Carrousel_Croisière_Fjord;7 219;78;64,97;3;1,12
12/08/2026;Vidéo_Escapade_Gaspésie;9 079;106;81,71;4;1,36
18/08/2026;Vidéo_Escapade_Gaspésie;9 870;101;88,83;2;1,58
05/09/2026;Carrousel_Croisière_Fjord;8 543;99;76,89;4;2,08
27/08/2026;Carrousel_Croisière_Fjord;7 814;79;70,33;2;1,79
04/08/2026;Carrousel_Croisière_Fjord;8 096;86;72,86;2;1,06
24/08/2026;Carrousel_Croisière_Fjord;7 682;85;69,14;2;1,70
15/08/2026;Vidéo_Escapade_Gaspésie;9 306;95;--;0;1,47
14/08/2026;Vidéo_Escapade_Gaspésie;9 296;100;83,66;3;1,43
06/09/2026;Vidéo_Escapade_Gaspésie;9 734;51;87,61;2;2,27
10/08/2026;Vidéo_Escapade_Gaspésie;9 798;115;88,18;2;1,29
05/08/2026;Carrousel_Croisière_Fjord;7 429;85;66,86;2;1,09
01/09/2026;Carrousel_Croisière_Fjord;8 406;99;75,65;5;1,95
07/08/2026;Vidéo_Escapade_Gaspésie;8 771;113;78,94;1;1,18
07/09/2026;Vidéo_Escapade_Gaspésie;9 401;46;84,61;0;2,31
09/08/2026;Carrousel_Croisière_Fjord;8 683;103;78,15;4;1,22
06/08/2026;Vidéo_Escapade_Gaspésie;8 026;99;72,23;3;1,15
19/08/2026;Statique_Rabais_Caraïbes;6 941;44;62,47;0;1,47
21/08/2026;Vidéo_Escapade_Gaspésie;9 464;89;85,18;2;1,69
29/08/2026;Carrousel_Croisière_Fjord;7 414;78;66,73;3;1,86
04/08/2026;Statique_Rabais_Caraïbes;7 034;70;63,31;1;1,06
04/09/2026;Carrousel_Croisière_Fjord;7 167;82;64,50;2;2,04
14/08/2026;Statique_Rabais_Caraïbes;6 498;55;58,48;1;1,34
28/08/2026;Carrousel_Croisière_Fjord;8 037;91;72,33;1;1,83
09/09/2026;Vidéo_Escapade_Gaspésie;9 494;47;85,45;0;2,38
07/08/2026;Carrousel_Croisière_Fjord;7 659;82;68,93;0;1,15
03/08/2026;Vidéo_Escapade_Gaspésie;9 569;117;86,12;6;1,04
24/08/2026;Vidéo_Escapade_Gaspésie;9 658;78;86,92;3;1,80
13/08/2026;Vidéo_Escapade_Gaspésie;8 267;99;74,40;4;1,39
08/08/2026;Vidéo_Escapade_Gaspésie;8 446;94;76,01;2;1,22
17/08/2026;Vidéo_Escapade_Gaspésie;9 092;91;81,83;3;1,54
19/08/2026;Carrousel_Croisière_Fjord;7 748;82;69,73;1;1,54
25/08/2026;Vidéo_Escapade_Gaspésie;8 215;64;73,94;2;1,83
25/08/2026;Carrousel_Croisière_Fjord;7 108;84;63,97;1;1,73
04/09/2026;Vidéo_Escapade_Gaspésie;9 072;57;81,65;0;2,19
29/08/2026;Vidéo_Escapade_Gaspésie;9 476;63;85,28;2;1,98
15/08/2026;Carrousel_Croisière_Fjord;7 585;86;68,27;3;1,41
22/08/2026;Carrousel_Croisière_Fjord;8 731;101;78,58;2;1,64
09/08/2026;Vidéo_Escapade_Gaspésie;8 020;94;72,18;5;1,25
16/08/2026;Vidéo_Escapade_Gaspésie;9 343;101;84,09;;1,50
03/09/2026;Vidéo_Escapade_Gaspésie;8 857;55;79,71;1;2,16
02/09/2026;Carrousel_Croisière_Fjord;8 591;98;77,32;5;1,98
05/08/2026;Vidéo_Escapade_Gaspésie;9 423;111;84,81;3;1,12
09/08/2026;Vidéo_Escapade_Gaspésie;8 020;94;72,18;5;1,25
26/08/2026;Vidéo_Escapade_Gaspésie;9 554;74;85,99;1;1,87
09/08/2026;Statique_Rabais_Caraïbes;6 365;67;57,28;3;1,20
31/08/2026;Vidéo_Escapade_Gaspésie;8 563;58;77,07;2;2,05
08/09/2026;Vidéo_Escapade_Gaspésie;9 174;44;82,57;3;2,34
30/08/2026;Carrousel_Croisière_Fjord;7 523;86;67,71;3;1,89
28/08/2026;Vidéo_Escapade_Gaspésie;9 284;67;83,56;2;1,94
30/08/2026;Vidéo_Escapade_Gaspésie;8 598;59;77,38;2;2,02
06/08/2026;Statique_Rabais_Caraïbes;6 918;71;62,26;2;1,12
16/08/2026;Carrousel_Croisière_Fjord;7 855;84;70,69;1;1,44
11/08/2026;Statique_Rabais_Caraïbes;7 340;70;66,06;1;1,26
17/08/2026;Carrousel_Croisière_Fjord;7 783;90;70,05;4;1,47
03/09/2026;Carrousel_Croisière_Fjord;7 647;80;68,82;1;2,01
16/08/2026;Carrousel_Croisière_Fjord;7 855;84;70,69;1;1,44
20/08/2026;Vidéo_Escapade_Gaspésie;8 849;84;79,64;2;1,65
26/08/2026;Carrousel_Croisière_Fjord;8 116;84;73,04;3;1,76
23/08/2026;Carrousel_Croisière_Fjord;8 296;90;74,66;5;1,67
07/09/2026;Carrousel_Croisière_Fjord;8 420;97;75,78;1;2,14
08/09/2026;Carrousel_Croisière_Fjord;7 411;78;66,70;3;2,17
03/08/2026;Carrousel_Croisière_Fjord;7 647;80;68,82;3;1,03
08/08/2026;Vidéo_Escapade_Gaspésie;8 446;94;76,01;2;1,22
23/08/2026;Vidéo_Escapade_Gaspésie;8 667;72;78,00;2;1,76
18/08/2026;Statique_Rabais_Caraïbes;6 402;44;57,62;0;1,45
16/08/2026;Statique_Rabais_Caraïbes;6 289;46;56,60;0;1,39
20/08/2026;Carrousel_Croisière_Fjord;8 068;94;72,61;4;1,57
06/09/2026;Carrousel_Croisière_Fjord;7 907;85;71,16;2;2,11
05/08/2026;Statique_Rabais_Caraïbes;7 505;75;67,55;1;1,09
12/08/2026;Statique_Rabais_Caraïbes;7 505;69;67,55;4;1,29
22/08/2026;Vidéo_Escapade_Gaspésie;8 801;77;79,21;4;1,72
21/08/2026;Carrousel_Croisière_Fjord;7 807;88;70,26;1;1,60
17/08/2026;Statique_Rabais_Caraïbes;6 547;47;58,92;1;1,42
20/08/2026;Statique_Rabais_Caraïbes;7 634;46;68,71;6;1,50
10/08/2026;Vidéo_Escapade_Gaspésie;9 798;115;88,18;2;1,29
15/08/2026;Statique_Rabais_Caraïbes;6 543;50;58,89;3;1,37
27/08/2026;Vidéo_Escapade_Gaspésie;9 379;71;84,41;3;1,91
01/09/2026;Vidéo_Escapade_Gaspésie;7 980;50;71,82;1;2,08
03/08/2026;Statique_Rabais_Caraïbes;7 589;70;68,30;4;1,03
05/09/2026;Vidéo_Escapade_Gaspésie;9 207;49;82,86;5;2,23
21/08/2026;Statique_Rabais_Caraïbes;6 376;41;57,38;0;1,53
04/08/2026;Vidéo_Escapade_Gaspésie;9 801;121;88,21;2;1,08
22/08/2026;Statique_Rabais_Caraïbes;6 979;40;62,81;1;1,56
11/08/2026;Vidéo_Escapade_Gaspésie;9 049;101;81,44;7;1,32
07/08/2026;Statique_Rabais_Caraïbes;6 508;68;58,57;1;1,14
13/08/2026;Statique_Rabais_Caraïbes;7 528;62;67,75;1;1,32
31/08/2026;Carrousel_Croisière_Fjord;7 610;87;68,49;3;1,92
10/08/2026;Statique_Rabais_Caraïbes;7 196;68;64,76;2;1,23
18/08/2026;Carrousel_Croisière_Fjord;8 518;93;76,66;2;1,51
19/08/2026;Vidéo_Escapade_Gaspésie;8 712;83;78,41;4;1,62
09/09/2026;Carrousel_Croisière_Fjord;7 746;85;69,71;2;2,20
08/08/2026;Statique_Rabais_Caraïbes;7 676;77;69,08;3;1,17
02/09/2026;Vidéo_Escapade_Gaspésie;10 049; ;90,44;4;2,12
Total;;;;;;
