date,creative,impressions,clicks,spend,conversions,frequency
2026-08-01,Whitepaper_CFO_A,1952,14,74.18,0,1.03
2026-08-02,Whitepaper_CFO_A,2142,14,81.4,0,1.07
2026-08-03,Whitepaper_CFO_A,2068,14,78.58,0,1.1
2026-08-04,Whitepaper_CFO_A,2078,14,78.96,1,1.14
2026-08-05,Whitepaper_CFO_A,1974,13,75.01,1,1.17
2026-08-06,Whitepaper_CFO_A,2292,14,87.1,0,1.21
2026-08-07,Whitepaper_CFO_A,2215,14,84.17,0,1.25
2026-08-08,Whitepaper_CFO_A,2078,13,78.96,1,1.28
2026-08-09,Whitepaper_CFO_A,2105,13,79.99,4,1.32
2026-08-10,Whitepaper_CFO_A,2412,17,91.66,1,1.36
2026-08-11,Whitepaper_CFO_A,2422,15,92.04,0,1.4
2026-08-12,Whitepaper_CFO_A,2211,13,84.02,1,1.43
2026-08-13,Whitepaper_CFO_A,2142,15,81.4,1,1.47
2026-08-14,Whitepaper_CFO_A,1987,14,75.51,0,1.5
2026-08-15,Whitepaper_CFO_A,2035,13,77.33,1,1.54
2026-08-16,Whitepaper_CFO_A,2146,13,81.55,0,1.57
2026-08-17,Whitepaper_CFO_A,2159,14,82.04,0,1.61
2026-08-18,Whitepaper_CFO_A,2322,15,88.24,1,1.65
2026-08-19,Whitepaper_CFO_A,1955,13,74.29,3,1.68
2026-08-20,Whitepaper_CFO_A,2232,15,84.82,1,1.72
2026-08-21,Whitepaper_CFO_A,2342,16,89.0,1,1.75
2026-08-22,Whitepaper_CFO_A,2218,15,84.28,2,1.79
2026-08-23,Whitepaper_CFO_A,1987,12,75.51,0,1.82
2026-08-24,Whitepaper_CFO_A,2245,14,85.31,0,1.86
2026-08-25,Whitepaper_CFO_A,1991,12,75.66,0,1.9
2026-08-26,Whitepaper_CFO_A,2112,14,80.26,0,1.93
2026-08-27,Whitepaper_CFO_A,2088,13,79.34,0,1.97
2026-08-28,Whitepaper_CFO_A,2320,16,88.16,1,2.0
2026-08-29,Whitepaper_CFO_A,2460,15,93.48,0,2.04
2026-08-30,Whitepaper_CFO_A,2191,15,83.26,0,2.08
2026-08-31,Whitepaper_CFO_A,1945,12,73.91,0,2.11
2026-09-01,Whitepaper_CFO_A,2282,16,86.72,0,2.15
2026-09-02,Whitepaper_CFO_A,2275,14,86.45,1,2.19
2026-09-03,Whitepaper_CFO_A,2307,14,87.67,0,2.23
2026-09-04,Whitepaper_CFO_A,2448,15,93.02,2,2.27
2026-09-05,Whitepaper_CFO_A,2376,15,90.29,1,2.31
2026-09-06,Whitepaper_CFO_A,2175,15,82.65,0,2.34
2026-09-07,Whitepaper_CFO_A,2042,12,77.6,2,2.38
2026-09-08,Whitepaper_CFO_A,2446,15,92.95,1,2.42
2026-09-09,Whitepaper_CFO_A,1965,13,74.67,0,2.45
2026-09-10,Whitepaper_CFO_A,1983,13,75.35,0,2.49
2026-09-11,Whitepaper_CFO_A,2052,13,77.98,1,2.52
2026-08-01,Case_Study_Logistics_B,2200,13,83.6,1,1.04
2026-08-02,Case_Study_Logistics_B,2068,13,78.58,1,1.07
2026-08-03,Case_Study_Logistics_B,2166,13,82.31,1,1.11
2026-08-04,Case_Study_Logistics_B,2111,14,80.22,0,1.14
2026-08-05,Case_Study_Logistics_B,2459,16,93.44,3,1.18
2026-08-06,Case_Study_Logistics_B,2268,15,86.18,0,1.22
2026-08-07,Case_Study_Logistics_B,2246,14,85.35,2,1.26
2026-08-08,Case_Study_Logistics_B,1960,13,74.48,0,1.29
2026-08-09,Case_Study_Logistics_B,2121,13,80.6,1,1.33
2026-08-10,Case_Study_Logistics_B,2182,15,82.92,1,1.36
2026-08-11,Case_Study_Logistics_B,2312,14,87.86,1,1.4
2026-08-12,Case_Study_Logistics_B,1997,13,75.89,1,1.43
2026-08-13,Case_Study_Logistics_B,2392,15,90.9,0,1.47
2026-08-14,Case_Study_Logistics_B,2219,15,84.32,1,1.51
2026-08-15,Case_Study_Logistics_B,2205,15,83.79,1,1.55
2026-08-16,Case_Study_Logistics_B,2357,15,89.57,1,1.59
2026-08-17,Case_Study_Logistics_B,2030,13,77.14,1,1.62
2026-08-18,Case_Study_Logistics_B,2016,12,76.61,4,1.66
2026-08-19,Case_Study_Logistics_B,2188,15,83.14,2,1.69
2026-08-20,Case_Study_Logistics_B,2436,17,92.57,2,1.73
2026-08-21,Case_Study_Logistics_B,2265,14,86.07,2,1.77
2026-08-22,Case_Study_Logistics_B,2365,16,89.87,0,1.81
2026-08-23,Case_Study_Logistics_B,2346,16,89.15,3,1.85
2026-08-24,Case_Study_Logistics_B,2025,13,76.95,2,1.88
2026-08-25,Case_Study_Logistics_B,2387,16,90.71,1,1.92
2026-08-26,Case_Study_Logistics_B,2062,14,78.36,3,1.96
2026-08-27,Case_Study_Logistics_B,2089,14,79.38,0,1.99
2026-08-28,Case_Study_Logistics_B,2012,12,76.46,0,2.02
2026-08-29,Case_Study_Logistics_B,2234,16,84.89,3,2.06
2026-08-30,Case_Study_Logistics_B,1993,13,75.73,0,2.1
2026-08-31,Case_Study_Logistics_B,2152,14,81.78,0,2.13
2026-09-01,Case_Study_Logistics_B,1948,13,74.02,1,2.16
2026-09-02,Case_Study_Logistics_B,2426,16,92.19,1,2.2
2026-09-03,Case_Study_Logistics_B,2236,14,84.97,0,2.24
2026-09-04,Case_Study_Logistics_B,2279,15,86.6,2,2.28
2026-09-05,Case_Study_Logistics_B,2119,13,80.52,0,2.31
2026-09-06,Case_Study_Logistics_B,2425,16,92.15,0,2.35
2026-09-07,Case_Study_Logistics_B,2116,14,80.41,1,2.39
2026-09-08,Case_Study_Logistics_B,2005,13,76.19,0,2.42
2026-09-09,Case_Study_Logistics_B,2132,15,81.02,2,2.46
2026-09-10,Case_Study_Logistics_B,1979,12,75.2,0,2.49
2026-09-11,Case_Study_Logistics_B,1937,13,73.61,1,2.52
2026-08-01,Demo_Offer_C,1980,14,75.24,0,1.03
2026-08-02,Demo_Offer_C,2054,14,78.05,2,1.07
2026-08-03,Demo_Offer_C,2186,13,83.07,0,1.1
2026-08-04,Demo_Offer_C,1959,13,74.44,0,1.14
2026-08-05,Demo_Offer_C,2132,14,81.02,1,1.17
2026-08-06,Demo_Offer_C,2130,14,80.94,0,1.21
2026-08-07,Demo_Offer_C,2145,13,81.51,2,1.24
2026-08-08,Demo_Offer_C,2390,16,90.82,1,1.28
2026-08-09,Demo_Offer_C,2147,15,81.59,1,1.32
2026-08-10,Demo_Offer_C,1943,13,73.83,0,1.35
2026-08-11,Demo_Offer_C,1999,14,75.96,0,1.38
2026-08-12,Demo_Offer_C,2310,14,87.78,3,1.42
2026-08-13,Demo_Offer_C,2195,14,83.41,0,1.46
2026-08-14,Demo_Offer_C,2012,14,76.46,1,1.49
2026-08-15,Demo_Offer_C,1981,13,75.28,1,1.53
2026-08-16,Demo_Offer_C,2448,15,93.02,0,1.57
2026-08-17,Demo_Offer_C,2462,15,93.56,1,1.61
2026-08-18,Demo_Offer_C,2283,15,86.75,1,1.65
2026-08-19,Demo_Offer_C,2170,13,82.46,0,1.68
2026-08-20,Demo_Offer_C,2410,16,91.58,1,1.72
2026-08-21,Demo_Offer_C,1994,13,75.77,1,1.76
2026-08-22,Demo_Offer_C,2178,15,82.76,1,1.79
2026-08-23,Demo_Offer_C,2445,15,92.91,1,1.83
2026-08-24,Demo_Offer_C,1953,12,74.21,2,1.87
2026-08-25,Demo_Offer_C,2009,13,76.34,1,1.9
2026-08-26,Demo_Offer_C,2332,14,88.62,0,1.94
2026-08-27,Demo_Offer_C,2006,13,76.23,0,1.97
2026-08-28,Demo_Offer_C,2320,16,88.16,0,2.01
2026-08-29,Demo_Offer_C,2379,15,90.4,2,2.05
2026-08-30,Demo_Offer_C,2450,15,93.1,0,2.09
2026-08-31,Demo_Offer_C,1951,13,74.14,1,2.12
2026-09-01,Demo_Offer_C,2033,13,77.25,1,2.16
2026-09-02,Demo_Offer_C,2118,14,80.48,1,2.19
2026-09-03,Demo_Offer_C,2258,15,85.8,1,2.23
2026-09-04,Demo_Offer_C,2261,15,85.92,1,2.27
2026-09-05,Demo_Offer_C,2267,14,86.15,1,2.3
2026-09-06,Demo_Offer_C,2443,15,92.83,2,2.35
2026-09-07,Demo_Offer_C,2120,13,80.56,3,2.38
2026-09-08,Demo_Offer_C,2254,14,85.65,2,2.42
2026-09-09,Demo_Offer_C,2190,15,83.22,1,2.45
2026-09-10,Demo_Offer_C,1971,12,74.9,2,2.49
2026-09-11,Demo_Offer_C,1974,13,75.01,2,2.52
2026-08-01,Webinar_Invite_D,2303,16,87.51,0,1.04
2026-08-02,Webinar_Invite_D,2412,15,91.66,0,1.08
2026-08-03,Webinar_Invite_D,2184,14,82.99,1,1.11
2026-08-04,Webinar_Invite_D,1980,13,75.24,2,1.15
2026-08-05,Webinar_Invite_D,2180,15,82.84,1,1.18
2026-08-06,Webinar_Invite_D,2453,15,93.21,2,1.23
2026-08-07,Webinar_Invite_D,2298,15,87.32,3,1.26
2026-08-08,Webinar_Invite_D,1944,13,73.87,0,1.3
2026-08-09,Webinar_Invite_D,2124,13,80.71,1,1.33
2026-08-10,Webinar_Invite_D,2310,16,87.78,0,1.37
2026-08-11,Webinar_Invite_D,2227,15,84.63,3,1.41
2026-08-12,Webinar_Invite_D,2004,13,76.15,1,1.44
2026-08-13,Webinar_Invite_D,2224,16,84.51,1,1.48
2026-08-14,Webinar_Invite_D,2417,16,91.85,0,1.52
2026-08-15,Webinar_Invite_D,2388,16,90.74,2,1.56
2026-08-16,Webinar_Invite_D,2269,14,86.22,0,1.6
2026-08-17,Webinar_Invite_D,2017,14,76.65,1,1.63
2026-08-18,Webinar_Invite_D,1957,12,74.37,0,1.66
2026-08-19,Webinar_Invite_D,2337,16,88.81,3,1.7
2026-08-20,Webinar_Invite_D,1945,12,73.91,1,1.73
2026-08-21,Webinar_Invite_D,2114,15,80.33,0,1.77
2026-08-22,Webinar_Invite_D,2334,16,88.69,0,1.81
2026-08-23,Webinar_Invite_D,2318,16,88.08,2,1.85
2026-08-24,Webinar_Invite_D,2177,14,82.73,2,1.88
2026-08-25,Webinar_Invite_D,2308,15,87.7,1,1.92
2026-08-26,Webinar_Invite_D,2148,13,81.62,1,1.96
2026-08-27,Webinar_Invite_D,1947,13,73.99,1,1.99
2026-08-28,Webinar_Invite_D,2416,15,91.81,1,2.03
2026-08-29,Webinar_Invite_D,1991,13,75.66,0,2.06
2026-08-30,Webinar_Invite_D,2454,16,93.25,0,2.1
2026-08-31,Webinar_Invite_D,2418,15,91.88,0,2.14
2026-09-01,Webinar_Invite_D,2413,15,91.69,0,2.18
2026-09-02,Webinar_Invite_D,1954,12,74.25,0,2.22
2026-09-03,Webinar_Invite_D,2125,13,80.75,2,2.25
2026-09-04,Webinar_Invite_D,2076,13,78.89,2,2.29
2026-09-05,Webinar_Invite_D,2222,14,84.44,1,2.32
2026-09-06,Webinar_Invite_D,1977,13,75.13,0,2.36
2026-09-07,Webinar_Invite_D,2028,13,77.06,3,2.39
2026-09-08,Webinar_Invite_D,2296,15,87.25,1,2.43
2026-09-09,Webinar_Invite_D,1991,12,75.66,0,2.46
2026-09-10,Webinar_Invite_D,1969,13,74.82,0,2.49
2026-09-11,Webinar_Invite_D,2108,15,80.1,1,2.53
2026-08-01,Founder_Video_E,2390,16,90.82,0,1.04
2026-08-02,Founder_Video_E,2048,13,77.82,2,1.07
2026-08-03,Founder_Video_E,2440,15,92.72,3,1.11
2026-08-04,Founder_Video_E,2210,14,83.98,1,1.15
2026-08-05,Founder_Video_E,2295,15,87.21,1,1.19
2026-08-06,Founder_Video_E,2242,15,85.2,0,1.23
2026-08-07,Founder_Video_E,1949,13,74.06,1,1.26
2026-08-08,Founder_Video_E,2108,14,80.1,4,1.29
2026-08-09,Founder_Video_E,2403,16,91.31,2,1.33
2026-08-10,Founder_Video_E,2406,16,91.43,2,1.37
2026-08-11,Founder_Video_E,2406,15,91.43,0,1.41
2026-08-12,Founder_Video_E,2347,16,89.19,0,1.45
2026-08-13,Founder_Video_E,1984,13,75.39,1,1.49
2026-08-14,Founder_Video_E,2202,15,83.68,2,1.52
2026-08-15,Founder_Video_E,2266,15,86.11,0,1.56
2026-08-16,Founder_Video_E,2058,13,78.2,1,1.6
2026-08-17,Founder_Video_E,2310,15,87.78,0,1.63
2026-08-18,Founder_Video_E,2037,13,77.41,0,1.67
2026-08-19,Founder_Video_E,2020,14,76.76,1,1.7
2026-08-20,Founder_Video_E,2126,14,80.79,2,1.74
2026-08-21,Founder_Video_E,2434,16,92.49,2,1.78
2026-08-22,Founder_Video_E,1968,14,74.78,0,1.81
2026-08-23,Founder_Video_E,2043,14,77.63,0,1.84
2026-08-24,Founder_Video_E,2119,14,80.52,0,1.88
2026-08-25,Founder_Video_E,2298,16,87.32,2,1.92
2026-08-26,Founder_Video_E,2413,15,91.69,1,1.96
2026-08-27,Founder_Video_E,2071,13,78.7,2,1.99
2026-08-28,Founder_Video_E,2379,16,90.4,0,2.03
2026-08-29,Founder_Video_E,2454,15,93.25,0,2.07
2026-08-30,Founder_Video_E,2347,15,89.19,1,2.11
2026-08-31,Founder_Video_E,2192,15,83.3,0,2.15
2026-09-01,Founder_Video_E,1976,13,75.09,0,2.18
2026-09-02,Founder_Video_E,2182,15,82.92,2,2.22
2026-09-03,Founder_Video_E,1993,12,75.73,0,2.25
2026-09-04,Founder_Video_E,1953,13,74.21,1,2.28
2026-09-05,Founder_Video_E,2444,16,92.87,3,2.33
2026-09-06,Founder_Video_E,2295,16,87.21,1,2.36
2026-09-07,Founder_Video_E,2377,16,90.33,0,2.4
2026-09-08,Founder_Video_E,2456,15,93.33,0,2.44
2026-09-09,Founder_Video_E,2132,14,81.02,1,2.48
2026-09-10,Founder_Video_E,2301,15,87.44,0,2.52
2026-09-11,Founder_Video_E,2438,16,92.64,0,2.56
2026-08-01,Benchmark_Report_F,1949,13,74.06,1,1.03
2026-08-02,Benchmark_Report_F,2235,14,84.93,0,1.07
2026-08-03,Benchmark_Report_F,1959,12,74.44,1,1.1
2026-08-04,Benchmark_Report_F,2443,15,92.83,3,1.14
2026-08-05,Benchmark_Report_F,2314,16,87.93,2,1.18
2026-08-06,Benchmark_Report_F,1953,13,74.21,0,1.21
2026-08-07,Benchmark_Report_F,1951,12,74.14,0,1.25
2026-08-08,Benchmark_Report_F,1993,12,75.73,1,1.28
2026-08-09,Benchmark_Report_F,2183,15,82.95,1,1.32
2026-08-10,Benchmark_Report_F,2443,16,92.83,0,1.36
2026-08-11,Benchmark_Report_F,2425,15,92.15,0,1.4
2026-08-12,Benchmark_Report_F,2095,14,79.61,1,1.43
2026-08-13,Benchmark_Report_F,2427,15,92.23,0,1.47
2026-08-14,Benchmark_Report_F,2237,14,85.01,1,1.51
2026-08-15,Benchmark_Report_F,2138,15,81.24,1,1.55
2026-08-16,Benchmark_Report_F,2318,14,88.08,0,1.58
2026-08-17,Benchmark_Report_F,2112,14,80.26,1,1.62
2026-08-18,Benchmark_Report_F,1999,13,75.96,2,1.65
2026-08-19,Benchmark_Report_F,1936,13,73.57,2,1.69
2026-08-20,Benchmark_Report_F,1987,13,75.51,3,1.72
2026-08-21,Benchmark_Report_F,1979,13,75.2,1,1.75
2026-08-22,Benchmark_Report_F,2172,15,82.54,0,1.79
2026-08-23,Benchmark_Report_F,2229,15,84.7,2,1.82
2026-08-24,Benchmark_Report_F,2372,15,90.14,0,1.86
2026-08-25,Benchmark_Report_F,2405,15,91.39,1,1.9
2026-08-26,Benchmark_Report_F,2245,14,85.31,2,1.94
2026-08-27,Benchmark_Report_F,2344,16,89.07,0,1.98
2026-08-28,Benchmark_Report_F,2414,16,91.73,2,2.02
2026-08-29,Benchmark_Report_F,2339,15,88.88,0,2.06
2026-08-30,Benchmark_Report_F,2342,15,89.0,2,2.1
2026-08-31,Benchmark_Report_F,2164,14,82.23,0,2.14
2026-09-01,Benchmark_Report_F,2230,15,84.74,1,2.17
2026-09-02,Benchmark_Report_F,2088,13,79.34,3,2.21
2026-09-03,Benchmark_Report_F,2193,13,83.33,0,2.24
2026-09-04,Benchmark_Report_F,2216,15,84.21,0,2.28
2026-09-05,Benchmark_Report_F,2002,12,76.08,0,2.31
2026-09-06,Benchmark_Report_F,2045,14,77.71,1,2.35
2026-09-07,Benchmark_Report_F,2389,16,90.78,2,2.39
2026-09-08,Benchmark_Report_F,2207,13,83.87,0,2.42
2026-09-09,Benchmark_Report_F,2191,14,83.26,1,2.46
2026-09-10,Benchmark_Report_F,2140,13,81.32,0,2.5
2026-09-11,Benchmark_Report_F,1971,13,74.9,0,2.53
