date,creative,impressions,clicks
2026-08-01,Broad_Video_Scale_Test,9299,146
2026-08-02,Broad_Video_Scale_Test,9561,147
2026-08-03,Broad_Video_Scale_Test,9587,150
2026-08-04,Broad_Video_Scale_Test,10289,145
2026-08-05,Broad_Video_Scale_Test,10918,172
2026-08-06,Broad_Video_Scale_Test,9808,148
2026-08-07,Broad_Video_Scale_Test,10443,162
2026-08-08,Broad_Video_Scale_Test,10683,171
2026-08-09,Broad_Video_Scale_Test,10865,157
2026-08-10,Broad_Video_Scale_Test,9039,131
2026-08-11,Broad_Video_Scale_Test,9426,147
2026-08-12,Broad_Video_Scale_Test,10542,169
2026-08-13,Broad_Video_Scale_Test,10714,167
2026-08-14,Broad_Video_Scale_Test,10982,170
2026-08-15,Broad_Video_Scale_Test,9764,153
2026-08-16,Broad_Video_Scale_Test,10644,155
2026-08-17,Broad_Video_Scale_Test,9493,136
2026-08-18,Broad_Video_Scale_Test,9144,142
2026-08-19,Broad_Video_Scale_Test,10994,172
2026-08-20,Broad_Video_Scale_Test,10161,161
2026-08-21,Broad_Video_Scale_Test,39220,358
2026-08-22,Broad_Video_Scale_Test,36062,320
2026-08-23,Broad_Video_Scale_Test,41420,381
2026-08-24,Broad_Video_Scale_Test,43747,379
2026-08-25,Broad_Video_Scale_Test,42956,417
2026-08-26,Broad_Video_Scale_Test,40994,388
2026-08-27,Broad_Video_Scale_Test,41117,359
2026-08-28,Broad_Video_Scale_Test,39143,388
2026-08-29,Broad_Video_Scale_Test,40045,352
2026-08-30,Broad_Video_Scale_Test,39581,347
2026-08-31,Broad_Video_Scale_Test,41410,376
2026-09-01,Broad_Video_Scale_Test,43845,432
2026-09-02,Broad_Video_Scale_Test,40439,357
2026-09-03,Broad_Video_Scale_Test,39988,386
2026-09-04,Broad_Video_Scale_Test,36950,332
