Search term,Clicks,Impr.,Cost,Conversions
northpeak hiking boots,64,640,134.40,7
northpeak rain jacket,41,520,77.90,5
northpeak,88,410,79.20,19
waterproof hiking boots women,72,2100,122.40,3
lightweight rain jacket packable,55,1900,88.00,2
merino wool base layer,48,1500,67.20,2
trekking poles carbon,39,1300,70.20,2
4 season tent 2 person,33,980,79.20,1
best hiking backpack 40l,61,2600,91.50,2
free hiking boots,42,924,86.39,0
hiking boots jobs,43,903,73.44,0
hiking boots diy repair,26,416,52.10,0
how to waterproof boots pdf,44,1056,79.81,0
used hiking boots craigslist,25,375,41.16,0
hiking boots wiki,23,345,39.99,0
tent manual pdf,16,368,34.92,0
camping gear login,42,1008,81.43,0
free tent pattern download,24,552,29.16,0
rain jacket meaning,47,705,59.20,0
boot repair near me,26,442,46.79,0
tent definition,43,817,70.54,0
free hiking backpack,26,572,37.27,0
hiking jobs salary,32,672,38.55,0
hiking gear query 1,2,58,3.45,0
hiking gear query 2,9,153,15.90,0
hiking gear query 3,4,96,4.90,0
hiking gear query 4,2,54,2.57,0
hiking gear query 5,2,30,3.76,1
hiking gear query 6,4,64,6.30,0
hiking gear query 7,7,196,8.81,0
hiking gear query 8,5,125,6.35,0
hiking gear query 9,7,126,9.15,0
hiking gear query 10,1,16,1.57,0
hiking gear query 11,9,189,14.02,0
hiking gear query 12,3,84,5.14,1
hiking gear query 13,7,147,8.40,0
hiking gear query 14,5,75,6.84,0
hiking gear query 15,2,32,3.98,0
hiking gear query 16,5,75,9.09,0
hiking gear query 17,5,135,6.29,1
hiking gear query 18,4,60,6.72,0
hiking gear query 19,8,152,15.74,0
hiking gear query 20,3,81,4.04,0
hiking gear query 21,4,88,7.12,0
hiking gear query 22,9,189,15.75,0
hiking gear query 23,8,136,12.30,1
hiking gear query 24,1,23,1.39,0
hiking gear query 25,5,140,9.29,0
hiking gear query 26,5,100,9.72,0
hiking gear query 27,3,66,4.75,0
hiking gear query 28,2,46,2.74,0
hiking gear query 29,1,17,1.42,0
hiking gear query 30,1,16,1.34,0
