date,revenue
2023-01-01,3157.61
2023-01-02,3268.71
2023-01-03,3577.88
2023-01-04,3264.01
2023-01-05,3390.59
2023-01-06,3148.89
2023-01-07,2732.12
2023-01-08,3247.63
2023-01-09,3220.92
2023-01-10,3478.58
2023-01-11,3269.6
2023-01-12,3187.0
2023-01-13,3181.98
2023-01-14,3051.99
2023-01-15,3079.83
2023-01-16,3317.41
2023-01-17,3581.32
2023-01-18,3704.92
2023-01-19,3424.37
2023-01-20,3176.07
2023-01-21,3119.54
2023-01-22,3051.05
2023-01-23,3631.91
2023-01-24,3422.05
2023-01-25,3319.68
2023-01-26,3213.22
2023-01-27,3142.83
2023-01-28,3060.36
2023-01-29,3118.73
2023-01-30,3505.15
2023-01-31,3601.97
2023-02-01,3526.59
2023-02-02,3512.5
2023-02-03,3115.96
2023-02-04,2826.35
2023-02-05,3217.21
2023-02-06,3651.78
2023-02-07,3594.58
2023-02-08,3504.58
2023-02-09,3538.32
2023-02-10,3304.23
2023-02-11,2933.71
2023-02-12,3500.88
2023-02-13,3668.66
2023-02-14,3508.57
2023-02-15,3643.24
2023-02-16,3516.05
2023-02-17,3507.97
2023-02-18,3121.74
2023-02-19,3269.25
2023-02-20,3817.06
2023-02-21,3451.5
2023-02-22,3571.73
2023-02-23,3637.34
2023-02-24,3177.11
2023-02-25,3026.16
2023-02-26,3158.45
2023-02-27,3668.43
2023-02-28,3789.37
2023-03-01,3886.24
2023-03-02,3934.6
2023-03-03,3463.18
2023-03-04,3315.15
2023-03-05,3642.17
2023-03-06,3858.57
2023-03-07,3866.56
2023-03-08,4038.32
2023-03-09,3979.0
2023-03-10,3550.32
2023-03-11,3307.89
2023-03-12,3380.54
2023-03-13,3931.61
2023-03-14,3978.73
2023-03-15,4129.44
2023-03-16,3922.69
2023-03-17,3462.89
2023-03-18,3188.42
2023-03-19,3694.72
2023-03-20,3575.5
2023-03-21,3885.49
2023-03-22,3690.84
2023-03-23,3559.6
2023-03-24,3356.98
2023-03-25,3368.81
2023-03-26,3429.22
2023-03-27,3703.81
2023-03-28,3854.69
2023-03-29,4080.34
2023-03-30,3547.63
2023-03-31,3559.73
2023-04-01,3391.68
2023-04-02,3953.63
2023-04-03,4161.16
2023-04-04,4267.84
2023-04-05,3898.95
2023-04-06,3863.58
2023-04-07,3645.83
2023-04-08,3556.8
2023-04-09,4000.85
2023-04-10,3796.21
2023-04-11,3884.75
2023-04-12,3880.68
2023-04-13,3771.66
2023-04-14,3719.11
2023-04-15,3424.34
2023-04-16,3642.43
2023-04-17,3721.74
2023-04-18,4031.23
2023-04-19,3966.25
2023-04-20,3962.38
2023-04-21,3971.45
2023-04-22,3479.41
2023-04-23,3783.43
2023-04-24,4073.52
2023-04-25,4186.58
2023-04-26,3795.64
2023-04-27,4153.94
2023-04-28,3888.82
2023-04-29,3573.97
2023-04-30,3940.67
2023-05-01,4494.52
2023-05-02,4586.58
2023-05-03,4353.95
2023-05-04,4563.62
2023-05-05,3999.92
2023-05-06,3632.6
2023-05-07,4131.85
2023-05-08,4356.35
2023-05-09,4557.42
2023-05-10,4329.82
2023-05-11,4174.43
2023-05-12,4061.23
2023-05-13,3658.46
2023-05-14,4233.78
2023-05-15,4277.41
2023-05-16,4916.04
2023-05-17,4702.41
2023-05-18,4276.26
2023-05-19,4129.93
2023-05-20,3799.53
2023-05-21,4242.67
2023-05-22,4348.61
2023-05-23,4909.32
2023-05-24,4958.01
2023-05-25,4485.17
2023-05-26,4277.24
2023-05-27,3664.76
2023-05-28,4092.27
2023-05-29,4498.93
2023-05-30,4535.62
2023-05-31,4861.13
2023-06-01,3957.53
2023-06-02,3688.07
2023-06-03,3812.71
2023-06-04,4010.76
2023-06-05,4030.95
2023-06-06,4349.69
2023-06-07,4000.33
2023-06-08,4179.17
2023-06-09,4225.13
2023-06-10,3776.27
2023-06-11,4112.93
2023-06-12,4107.16
2023-06-13,4251.38
2023-06-14,4092.49
2023-06-15,4329.93
2023-06-16,3985.9
2023-06-17,3741.35
2023-06-18,3915.35
2023-06-19,4092.69
2023-06-20,4530.22
2023-06-21,4593.18
2023-06-22,4385.81
2023-06-23,4146.1
2023-06-24,3768.67
2023-06-25,4153.98
2023-06-26,4103.08
2023-06-27,4360.32
2023-06-28,4222.62
2023-06-29,3911.67
2023-06-30,3720.4
2023-07-01,3236.88
2023-07-02,3595.19
2023-07-03,4056.0
2023-07-04,4283.99
2023-07-05,3960.31
2023-07-06,4114.1
2023-07-07,3939.88
2023-07-08,3559.86
2023-07-09,3657.39
2023-07-10,3802.53
2023-07-11,3880.37
2023-07-12,3827.98
2023-07-13,3723.83
2023-07-14,3759.42
2023-07-15,3541.26
2023-07-16,3913.48
2023-07-17,3953.88
2023-07-18,4129.25
2023-07-19,4173.7
2023-07-20,3666.06
2023-07-21,3785.81
2023-07-22,3552.74
2023-07-23,3890.78
2023-07-24,4112.27
2023-07-25,4038.23
2023-07-26,3832.96
2023-07-27,4057.9
2023-07-28,3622.91
2023-07-29,3508.42
2023-07-30,3997.9
2023-07-31,3922.94
2023-08-01,3908.48
2023-08-02,4172.55
2023-08-03,3935.89
2023-08-04,3462.08
2023-08-05,3121.92
2023-08-06,3490.05
2023-08-07,4115.77
2023-08-08,4141.42
2023-08-09,3739.76
2023-08-10,3998.1
2023-08-11,3881.49
2023-08-12,3373.08
2023-08-13,3599.49
2023-08-14,3929.27
2023-08-15,3773.29
2023-08-16,3674.31
2023-08-17,4083.4
2023-08-18,3720.45
2023-08-19,3319.21
2023-08-20,3907.36
2023-08-21,3874.12
2023-08-22,4194.16
2023-08-23,4130.54
2023-08-24,3683.11
2023-08-25,3524.4
2023-08-26,3217.37
2023-08-27,3556.89
2023-08-28,3965.45
2023-08-29,3859.93
2023-08-30,3913.05
2023-08-31,3647.27
2023-09-01,4194.67
2023-09-02,3526.2
2023-09-03,3986.6
2023-09-04,4306.47
2023-09-05,4585.51
2023-09-06,4252.34
2023-09-07,4422.79
2023-09-08,3975.64
2023-09-09,3623.01
2023-09-10,4031.16
2023-09-11,3977.73
2023-09-12,4311.9
2023-09-13,4117.39
2023-09-14,3895.84
2023-09-15,4149.28
2023-09-16,3448.2
2023-09-17,4010.84
2023-09-18,4408.17
2023-09-19,4391.29
2023-09-20,4211.77
2023-09-21,4205.54
2023-09-22,4021.22
2023-09-23,3765.13
2023-09-24,3811.19
2023-09-25,4317.91
2023-09-26,4211.62
2023-09-27,4190.26
2023-09-28,4363.13
2023-09-29,4002.33
2023-09-30,3659.42
2023-10-01,4747.05
2023-10-02,5142.89
2023-10-03,4917.6
2023-10-04,4988.96
2023-10-05,4776.28
2023-10-06,4547.61
2023-10-07,4230.96
2023-10-08,4558.6
2023-10-09,4894.24
2023-10-10,4951.33
2023-10-11,5225.28
2023-10-12,4915.19
2023-10-13,4788.46
2023-10-14,4383.31
2023-10-15,4443.35
2023-10-16,4921.65
2023-10-17,5285.03
2023-10-18,5165.33
2023-10-19,4547.69
2023-10-20,4316.06
2023-10-21,4102.25
2023-10-22,4331.3
2023-10-23,4712.84
2023-10-24,4687.86
2023-10-25,5057.37
2023-10-26,4991.15
2023-10-27,4820.09
2023-10-28,3943.28
2023-10-29,4755.56
2023-10-30,5009.78
2023-10-31,4745.76
2023-11-01,7413.44
2023-11-02,7284.69
2023-11-03,6248.46
2023-11-04,6275.86
2023-11-05,6480.8
2023-11-06,6966.44
2023-11-07,7603.01
2023-11-08,7377.97
2023-11-09,6525.64
2023-11-10,6453.83
2023-11-11,5926.23
2023-11-12,6438.72
2023-11-13,6694.45
2023-11-14,6947.6
2023-11-15,7283.08
2023-11-16,6401.74
2023-11-17,6578.21
2023-11-18,5875.28
2023-11-19,6154.45
2023-11-20,6840.44
2023-11-21,7266.3
2023-11-22,7089.09
2023-11-23,6457.15
2023-11-24,6985.55
2023-11-25,6175.65
2023-11-26,7049.03
2023-11-27,6630.75
2023-11-28,6921.19
2023-11-29,6633.44
2023-11-30,7158.89
2023-12-01,7086.89
2023-12-02,6300.03
2023-12-03,7321.16
2023-12-04,8309.58
2023-12-05,8368.03
2023-12-06,7668.68
2023-12-07,7333.65
2023-12-08,7766.7
2023-12-09,6723.11
2023-12-10,7623.92
2023-12-11,7419.57
2023-12-12,7528.43
2023-12-13,8161.56
2023-12-14,7646.14
2023-12-15,6910.16
2023-12-16,7079.33
2023-12-17,7569.81
2023-12-18,8220.06
2023-12-19,7572.27
2023-12-20,8364.5
2023-12-21,7271.92
2023-12-22,7738.15
2023-12-23,6639.43
2023-12-24,7276.46
2023-12-25,7960.69
2023-12-26,8537.36
2023-12-27,7722.87
2023-12-28,7353.71
2023-12-29,7405.91
2023-12-30,6450.18
2023-12-31,7050.42
2024-01-01,3631.2
2024-01-02,3641.61
2024-01-03,3689.84
2024-01-04,3643.12
2024-01-05,3461.99
2024-01-06,3347.13
2024-01-07,3491.99
2024-01-08,3819.14
2024-01-09,3718.01
2024-01-10,3775.26
2024-01-11,3495.8
2024-01-12,3441.3
2024-01-13,3016.34
2024-01-14,3722.21
2024-01-15,3853.65
2024-01-16,3731.34
2024-01-17,3851.52
2024-01-18,3984.29
2024-01-19,3375.69
2024-01-20,3386.76
2024-01-21,3577.09
2024-01-22,3830.84
2024-01-23,4091.38
2024-01-24,3814.5
2024-01-25,3766.35
2024-01-26,3673.42
2024-01-27,3467.49
2024-01-28,3538.51
2024-01-29,4019.41
2024-01-30,4028.97
2024-01-31,3953.61
2024-02-01,3814.98
2024-02-02,3599.52
2024-02-03,3129.43
2024-02-04,3525.25
2024-02-05,3709.43
2024-02-06,4159.28
2024-02-07,3850.29
2024-02-08,3691.2
2024-02-09,3470.56
2024-02-10,3503.68
2024-02-11,3918.13
2024-02-12,4048.42
2024-02-13,3908.06
2024-02-14,3850.02
2024-02-15,3768.65
2024-02-16,3670.87
2024-02-17,3189.55
2024-02-18,3703.57
2024-02-19,3830.11
2024-02-20,4299.78
2024-02-21,4266.42
2024-02-22,3913.97
2024-02-23,3566.4
2024-02-24,3575.26
2024-02-25,3639.16
2024-02-26,3889.13
2024-02-27,3763.59
2024-02-28,3942.67
2024-02-29,3881.77
2024-03-01,3938.75
2024-03-02,3423.3
2024-03-03,3982.58
2024-03-04,3931.93
2024-03-05,4164.91
2024-03-06,4022.51
2024-03-07,4088.45
2024-03-08,3691.45
2024-03-09,3340.23
2024-03-10,3878.07
2024-03-11,4074.26
2024-03-12,4366.84
2024-03-13,4293.03
2024-03-14,4300.22
2024-03-15,4039.06
2024-03-16,3694.62
2024-03-17,4206.77
2024-03-18,4174.86
2024-03-19,4217.92
2024-03-20,4574.18
2024-03-21,3957.95
2024-03-22,4083.48
2024-03-23,3664.87
2024-03-24,3746.55
2024-03-25,4447.74
2024-03-26,4568.82
2024-03-27,4367.94
2024-03-28,4306.44
2024-03-29,4139.94
2024-03-30,3417.72
2024-03-31,4022.91
2024-04-01,4409.09
2024-04-02,4702.97
2024-04-03,4640.98
2024-04-04,4522.72
2024-04-05,4162.57
2024-04-06,3938.73
2024-04-07,4265.24
2024-04-08,4534.02
2024-04-09,4330.46
2024-04-10,4166.63
2024-04-11,4110.49
2024-04-12,4041.37
2024-04-13,3533.42
2024-04-14,4362.31
2024-04-15,4458.92
2024-04-16,4589.57
2024-04-17,4546.5
2024-04-18,4450.85
2024-04-19,4123.15
2024-04-20,3486.62
2024-04-21,4348.06
2024-04-22,4584.82
2024-04-23,4519.09
2024-04-24,4497.83
2024-04-25,4446.02
2024-04-26,3885.6
2024-04-27,3878.52
2024-04-28,4036.69
2024-04-29,4174.5
2024-04-30,4376.97
2024-05-01,5259.04
2024-05-02,4746.82
2024-05-03,4867.81
2024-05-04,4558.47
2024-05-05,4756.69
2024-05-06,4970.43
2024-05-07,5136.91
2024-05-08,5236.06
2024-05-09,5145.62
2024-05-10,4795.58
2024-05-11,4367.22
2024-05-12,4487.31
2024-05-13,4812.87
2024-05-14,4983.67
2024-05-15,5288.26
2024-05-16,4833.23
2024-05-17,4771.78
2024-05-18,3996.7
2024-05-19,4484.26
2024-05-20,4907.83
2024-05-21,5295.42
2024-05-22,5261.31
2024-05-23,5100.83
2024-05-24,4596.91
2024-05-25,4307.25
2024-05-26,4763.19
2024-05-27,5057.32
2024-05-28,4903.65
2024-05-29,5415.68
2024-05-30,4777.44
2024-05-31,5061.75
2024-06-01,4202.62
2024-06-02,4113.92
2024-06-03,4656.38
2024-06-04,4988.41
2024-06-05,5040.79
2024-06-06,4564.26
2024-06-07,4230.97
2024-06-08,3806.73
2024-06-09,4695.69
2024-06-10,4501.77
2024-06-11,4837.81
2024-06-12,4501.65
2024-06-13,4620.65
2024-06-14,4658.18
2024-06-15,3770.66
2024-06-16,4626.49
2024-06-17,4706.05
2024-06-18,5051.46
2024-06-19,4883.11
2024-06-20,4439.99
2024-06-21,4632.81
2024-06-22,3974.59
2024-06-23,4140.9
2024-06-24,4381.56
2024-06-25,4795.02
2024-06-26,4723.75
2024-06-27,4493.68
2024-06-28,4175.26
2024-06-29,3902.36
2024-06-30,4329.59
2024-07-01,4565.99
2024-07-02,4133.4
2024-07-03,4557.11
2024-07-04,4480.97
2024-07-05,3852.77
2024-07-06,3913.05
2024-07-07,4235.97
2024-07-08,4611.72
2024-07-09,4320.39
2024-07-10,4331.6
2024-07-11,4221.33
2024-07-12,4361.23
2024-07-13,3745.46
2024-07-14,4040.35
2024-07-15,4330.06
2024-07-16,4319.0
2024-07-17,4139.01
2024-07-18,4053.91
2024-07-19,4275.24
2024-07-20,3594.7
2024-07-21,4379.86
2024-07-22,4228.19
2024-07-23,4320.87
2024-07-24,4433.17
2024-07-25,4114.26
2024-07-26,4018.69
2024-07-27,3949.68
2024-07-28,4358.0
2024-07-29,4581.57
2024-07-30,4557.42
2024-07-31,4690.97
2024-08-01,4466.93
2024-08-02,4029.71
2024-08-03,3743.36
2024-08-04,3790.29
2024-08-05,4433.92
2024-08-06,4347.81
2024-08-07,4491.17
2024-08-08,4300.13
2024-08-09,3889.28
2024-08-10,3408.49
2024-08-11,4294.83
2024-08-12,4077.45
2024-08-13,4368.67
2024-08-14,4250.37
2024-08-15,4102.86
2024-08-16,4150.85
2024-08-17,3887.75
2024-08-18,3923.6
2024-08-19,4403.7
2024-08-20,4271.07
2024-08-21,4388.17
2024-08-22,4167.38
2024-08-23,3836.21
2024-08-24,3478.26
2024-08-25,3900.82
2024-08-26,4562.63
2024-08-27,4399.6
2024-08-28,4190.05
2024-08-29,4478.47
2024-08-30,4310.93
2024-08-31,3632.08
2024-09-01,4195.09
2024-09-02,4487.74
2024-09-03,4507.13
2024-09-04,4632.37
2024-09-05,4339.5
2024-09-06,4218.56
2024-09-07,3838.82
2024-09-08,4468.99
2024-09-09,4952.72
2024-09-10,4956.98
2024-09-11,4687.64
2024-09-12,4555.57
2024-09-13,4401.08
2024-09-14,3911.66
2024-09-15,4333.27
2024-09-16,4417.79
2024-09-17,4648.61
2024-09-18,5065.27
2024-09-19,4377.38
2024-09-20,4396.09
2024-09-21,4059.68
2024-09-22,4667.18
2024-09-23,4527.19
2024-09-24,4652.46
2024-09-25,4594.68
2024-09-26,4562.56
2024-09-27,4368.4
2024-09-28,4248.21
2024-09-29,4666.59
2024-09-30,4969.55
2024-10-01,5091.7
2024-10-02,5052.84
2024-10-03,5407.85
2024-10-04,5274.32
2024-10-05,4517.96
2024-10-06,5113.18
2024-10-07,4986.94
2024-10-08,5383.63
2024-10-09,5740.1
2024-10-10,5502.9
2024-10-11,5255.41
2024-10-12,4843.26
2024-10-13,4882.22
2024-10-14,5077.59
2024-10-15,5211.29
2024-10-16,5442.95
2024-10-17,5406.65
2024-10-18,5325.05
2024-10-19,4692.17
2024-10-20,5173.89
2024-10-21,5580.51
2024-10-22,5453.11
2024-10-23,5474.68
2024-10-24,4941.05
2024-10-25,5222.42
2024-10-26,4388.2
2024-10-27,5376.74
2024-10-28,5500.27
2024-10-29,5344.53
2024-10-30,5161.41
2024-10-31,5106.92
2024-11-01,7290.8
2024-11-02,6672.6
2024-11-03,6838.96
2024-11-04,7214.59
2024-11-05,7852.67
2024-11-06,7843.99
2024-11-07,7416.29
2024-11-08,6889.45
2024-11-09,6595.47
2024-11-10,6747.8
2024-11-11,7476.06
2024-11-12,7796.42
2024-11-13,8266.62
2024-11-14,7700.26
2024-11-15,7565.04
2024-11-16,6492.28
2024-11-17,6987.46
2024-11-18,7430.37
2024-11-19,8359.66
2024-11-20,8004.03
2024-11-21,7356.78
2024-11-22,6710.32
2024-11-23,6524.61
2024-11-24,7447.13
2024-11-25,7630.15
2024-11-26,7599.56
2024-11-27,7977.25
2024-11-28,8024.61
2024-11-29,6928.76
2024-11-30,6111.09
2024-12-01,7951.52
2024-12-02,8540.19
2024-12-03,9029.55
2024-12-04,8354.87
2024-12-05,8828.99
2024-12-06,8332.88
2024-12-07,7321.65
2024-12-08,7813.75
2024-12-09,9220.31
2024-12-10,8587.29
2024-12-11,9130.24
2024-12-12,8171.15
2024-12-13,7761.94
2024-12-14,7596.6
2024-12-15,7929.83
2024-12-16,9214.52
2024-12-17,8829.82
2024-12-18,8370.66
2024-12-19,8176.38
2024-12-20,7996.91
2024-12-21,7511.91
2024-12-22,8692.16
2024-12-23,8251.42
2024-12-24,8718.32
2024-12-25,8416.59
2024-12-26,9086.12
2024-12-27,7698.56
2024-12-28,6893.24
2024-12-29,7687.96
2024-12-30,8566.31
2024-12-31,9359.8
2025-01-01,4456.52
2025-01-02,4243.46
2025-01-03,4181.36
2025-01-04,3761.59
2025-01-05,3856.86
2025-01-06,4009.6
2025-01-07,4536.91
2025-01-08,4382.77
2025-01-09,3846.86
2025-01-10,4005.95
2025-01-11,3492.97
2025-01-12,3888.23
2025-01-13,4102.48
2025-01-14,4085.0
2025-01-15,3948.59
2025-01-16,3996.59
2025-01-17,3840.97
2025-01-18,3786.45
2025-01-19,3756.04
2025-01-20,4482.25
2025-01-21,4114.92
2025-01-22,4165.92
2025-01-23,4316.76
2025-01-24,4106.4
2025-01-25,3531.85
2025-01-26,3721.08
2025-01-27,4200.25
2025-01-28,4221.45
2025-01-29,4508.64
2025-01-30,3960.04
2025-01-31,3861.19
2025-02-01,3866.85
2025-02-02,3812.19
2025-02-03,4277.32
2025-02-04,4608.56
2025-02-05,4538.54
2025-02-06,3977.83
2025-02-07,3780.48
2025-02-08,3444.8
2025-02-09,4327.89
2025-02-10,4191.21
2025-02-11,4576.46
2025-02-12,4627.21
2025-02-13,4162.54
2025-02-14,3921.6
2025-02-15,3911.31
2025-02-16,4161.53
2025-02-17,4201.5
2025-02-18,4565.25
2025-02-19,4277.34
2025-02-20,4131.75
2025-02-21,3775.73
2025-02-22,3813.82
2025-02-23,4340.58
2025-02-24,4435.27
2025-02-25,4713.84
2025-02-26,4104.71
2025-02-27,4113.79
2025-02-28,4050.41
2025-03-01,4169.42
2025-03-02,4642.59
2025-03-03,4559.96
2025-03-04,4559.18
2025-03-05,4634.49
2025-03-06,4543.62
2025-03-07,4585.16
2025-03-08,3751.22
2025-03-09,4557.82
2025-03-10,4796.41
2025-03-11,4945.65
2025-03-12,4867.4
2025-03-13,4623.89
2025-03-14,4228.76
2025-03-15,3832.78
2025-03-16,4295.3
2025-03-17,4833.02
2025-03-18,4460.5
2025-03-19,4497.26
2025-03-20,4724.75
2025-03-21,4187.0
2025-03-22,3698.76
2025-03-23,4101.1
2025-03-24,4691.45
2025-03-25,4632.05
2025-03-26,5020.5
2025-03-27,4816.3
2025-03-28,4644.83
2025-03-29,3815.56
2025-03-30,4138.93
2025-03-31,4401.45
2025-04-01,4922.68
2025-04-02,5021.73
2025-04-03,4705.02
2025-04-04,4341.15
2025-04-05,4043.93
2025-04-06,4634.38
2025-04-07,4955.73
2025-04-08,5103.26
2025-04-09,5124.06
2025-04-10,4857.5
2025-04-11,4276.99
2025-04-12,4294.04
2025-04-13,4433.48
2025-04-14,4891.33
2025-04-15,4852.47
2025-04-16,5058.04
2025-04-17,4555.88
2025-04-18,4364.15
2025-04-19,3958.98
2025-04-20,4351.0
2025-04-21,5115.16
2025-04-22,5002.86
2025-04-23,4783.91
2025-04-24,4694.85
2025-04-25,4844.14
2025-04-26,4116.44
2025-04-27,4408.36
2025-04-28,5072.19
2025-04-29,5063.33
2025-04-30,5248.91
2025-05-01,5120.98
2025-05-02,5140.07
2025-05-03,4889.93
2025-05-04,5462.56
2025-05-05,5855.58
2025-05-06,5279.21
2025-05-07,5428.92
2025-05-08,5142.39
2025-05-09,4942.37
2025-05-10,4999.1
2025-05-11,5283.51
2025-05-12,5877.63
2025-05-13,5550.63
2025-05-14,5886.77
2025-05-15,5402.28
2025-05-16,5001.62
2025-05-17,4879.11
2025-05-18,5557.83
2025-05-19,5246.54
2025-05-20,5737.35
2025-05-21,5703.27
2025-05-22,5234.67
2025-05-23,5088.89
2025-05-24,4468.1
2025-05-25,5022.95
2025-05-26,5371.41
2025-05-27,5749.51
2025-05-28,5737.69
2025-05-29,5232.53
2025-05-30,4837.59
2025-05-31,4598.16
2025-06-01,4949.48
2025-06-02,4899.85
2025-06-03,5088.21
2025-06-04,4962.55
2025-06-05,5238.77
2025-06-06,4817.51
2025-06-07,4076.85
2025-06-08,4567.02
2025-06-09,5059.04
2025-06-10,5271.02
2025-06-11,5287.18
2025-06-12,4750.71
2025-06-13,4567.58
2025-06-14,4468.54
2025-06-15,4783.78
2025-06-16,4986.79
2025-06-17,5101.72
2025-06-18,5524.3
2025-06-19,4914.89
2025-06-20,4845.91
2025-06-21,4269.64
2025-06-22,4796.22
2025-06-23,5414.01
2025-06-24,5616.75
2025-06-25,5104.08
2025-06-26,4841.51
2025-06-27,4962.66
2025-06-28,4182.91
2025-06-29,4524.73
2025-06-30,5449.96
2025-07-01,4808.18
2025-07-02,5031.32
2025-07-03,4617.43
2025-07-04,4689.09
2025-07-05,4016.46
2025-07-06,4286.02
2025-07-07,4450.76
2025-07-08,4903.2
2025-07-09,4918.27
2025-07-10,4955.45
2025-07-11,4201.4
2025-07-12,4114.42
2025-07-13,4424.49
2025-07-14,4785.95
2025-07-15,4634.35
2025-07-16,4684.65
2025-07-17,4708.19
2025-07-18,4731.21
2025-07-19,3829.96
2025-07-20,4507.37
2025-07-21,4995.27
2025-07-22,5203.34
2025-07-23,4634.11
2025-07-24,4456.23
2025-07-25,4749.99
2025-07-26,4328.73
2025-07-27,4509.85
2025-07-28,4498.63
2025-07-29,5183.99
2025-07-30,4771.02
2025-07-31,4976.23
2025-08-01,4448.18
2025-08-02,4149.89
2025-08-03,4211.34
2025-08-04,4881.26
2025-08-05,4598.65
2025-08-06,4677.4
2025-08-07,4829.78
2025-08-08,4583.57
2025-08-09,3799.55
2025-08-10,4254.11
2025-08-11,4635.15
2025-08-12,4804.66
2025-08-13,4671.15
2025-08-14,4370.46
2025-08-15,4233.38
2025-08-16,4107.9
2025-08-17,4682.85
2025-08-18,4406.28
2025-08-19,4842.38
2025-08-20,4927.74
2025-08-21,4322.65
2025-08-22,4604.1
2025-08-23,3775.53
2025-08-24,4505.25
2025-08-25,4749.53
2025-08-26,4893.82
2025-08-27,4634.8
2025-08-28,4577.21
2025-08-29,4454.05
2025-08-30,3953.97
2025-08-31,4549.55
2025-09-01,5084.42
2025-09-02,5177.24
2025-09-03,4828.98
2025-09-04,5111.26
2025-09-05,4775.2
2025-09-06,4178.68
2025-09-07,5012.14
2025-09-08,5332.02
2025-09-09,5200.25
2025-09-10,4950.15
2025-09-11,5016.86
2025-09-12,4526.5
2025-09-13,4120.48
2025-09-14,4794.58
2025-09-15,4845.48
2025-09-16,5196.71
2025-09-17,5198.44
2025-09-18,4719.62
2025-09-19,4889.4
2025-09-20,4098.99
2025-09-21,5007.98
2025-09-22,5347.64
2025-09-23,5256.2
2025-09-24,4875.0
2025-09-25,5054.84
2025-09-26,4723.36
2025-09-27,4635.91
2025-09-28,4609.91
2025-09-29,5413.63
2025-09-30,5621.33
2025-10-01,6094.02
2025-10-02,5987.83
2025-10-03,5221.14
2025-10-04,5283.91
2025-10-05,5507.56
2025-10-06,6226.94
2025-10-07,6314.23
2025-10-08,5634.6
2025-10-09,5976.1
2025-10-10,5793.23
2025-10-11,4656.46
2025-10-12,5407.45
2025-10-13,6072.45
2025-10-14,5690.81
2025-10-15,6250.02
2025-10-16,5572.2
2025-10-17,5714.49
2025-10-18,4718.23
2025-10-19,5533.34
2025-10-20,6216.82
2025-10-21,5741.5
2025-10-22,5733.93
2025-10-23,5767.54
2025-10-24,5342.62
2025-10-25,4651.48
2025-10-26,5293.92
2025-10-27,5602.15
2025-10-28,6361.85
2025-10-29,6089.78
2025-10-30,6091.47
2025-10-31,5235.65
2025-11-01,7364.7
2025-11-02,7463.73
2025-11-03,8409.78
2025-11-04,8699.67
2025-11-05,8292.11
2025-11-06,8647.48
2025-11-07,7877.68
2025-11-08,7173.09
2025-11-09,8324.66
2025-11-10,7922.91
2025-11-11,9140.52
2025-11-12,8625.61
2025-11-13,8109.66
2025-11-14,8156.1
2025-11-15,6870.95
2025-11-16,8457.6
2025-11-17,8491.57
2025-11-18,8396.54
2025-11-19,8799.61
2025-11-20,8178.06
2025-11-21,7487.42
2025-11-22,7358.99
2025-11-23,7425.49
2025-11-24,8790.74
2025-11-25,8281.93
2025-11-26,8664.44
2025-11-27,8817.45
2025-11-28,7949.25
2025-11-29,7291.0
2025-11-30,7731.17
2025-12-01,8758.73
2025-12-02,8972.21
2025-12-03,9043.46
2025-12-04,9390.82
2025-12-05,8706.32
2025-12-06,7990.14
2025-12-07,9376.34
2025-12-08,8944.61
2025-12-09,9246.88
2025-12-10,9729.62
2025-12-11,8636.39
2025-12-12,8190.65
2025-12-13,7826.45
2025-12-14,8408.09
2025-12-15,9256.53
2025-12-16,9257.52
2025-12-17,9652.22
2025-12-18,9385.7
2025-12-19,8452.49
2025-12-20,8140.16
2025-12-21,8881.28
2025-12-22,8976.65
2025-12-23,10234.02
2025-12-24,9212.67
2025-12-25,8828.93
2025-12-26,8331.88
2025-12-27,8169.09
2025-12-28,9390.73
2025-12-29,9849.69
2025-12-30,9527.2
2025-12-31,9254.93
