Mois;"Recherches ""déménagement"" (QC, FR)"
janv. 2022;1 598,00
févr. 2022;1 747,00
mars 2022;2 007,00
avr. 2022;2 482,00
mai 2022;3 089,00
juin 2022;3 237,00
juil. 2022;2 411,00
août 2022;1 934,00
sept. 2022;1 638,00
oct. 2022;1 639,00
nov. 2022;1 563,00
déc. 2022;1 517,00
janv. 2023;1 747,00
févr. 2023;1 761,00
mars 2023;2 002,00
avr. 2023;2 720,00
mai 2023;3 041,00
juin 2023;3 435,00
juil. 2023;2 532,00
août 2023;1 914,00
sept. 2023;1 711,00
oct. 2023;1 672,00
nov. 2023;1 721,00
déc. 2023;1 610,00
janv. 2024;1 906,00
févr. 2024;1 833,00
mars 2024;2 153,00
avr. 2024;2 717,00
mai 2024;3 198,00
juin 2024;3 720,00
juil. 2024;2 613,00
août 2024;2 124,00
sept. 2024;1 757,00
oct. 2024;1 792,00
nov. 2024;1 846,00
déc. 2024;1 657,00
janv. 2025;1 979,00
févr. 2025;1 971,00
mars 2025;2 231,00
avr. 2025;2 784,00
mai 2025;3 408,00
juin 2025;3 571,00
juil. 2025;2 613,00
août 2025;2 228,00
sept. 2025;1 970,00
oct. 2025;1 874,00
nov. 2025;1 924,00
déc. 2025;1 698,00
