Date;Volume
01/01/2022;1598
01/02/2022;1747
01/03/2022;2007
01/04/2022;2482
01/05/2022;3089
01/06/2022;3237
01/07/2022;2411
01/08/2022;1934
01/09/2022;1638
01/10/2022;1639
01/11/2022;1563
01/12/2022;1517
01/01/2023;1747
01/02/2023;1761
01/03/2023;2002
01/04/2023;2720
01/05/2023;3041
01/06/2023;3435
01/07/2023;2532
01/08/2023;1914
01/09/2023;1711
01/10/2023;1672
01/11/2023;1721
01/12/2023;1610
01/01/2024;1906
01/02/2024;1833
01/03/2024;2153
01/04/2024;2717
01/05/2024;3198
01/06/2024;3720
01/07/2024;2613
01/08/2024;2124
01/09/2024;1757
01/10/2024;1792
01/11/2024;1846
01/12/2024;1657
01/01/2025;1979
01/02/2025;1971
01/03/2025;2231
01/04/2025;2784
01/05/2025;3408
01/06/2025;3571
01/07/2025;2613
01/08/2025;2228
01/09/2025;1970
01/10/2025;1874
01/11/2025;1924
01/12/2025;1698
