Jour;Recherches
01/01/2023;69
02/01/2023;74
03/01/2023;71
04/01/2023;75
05/01/2023;75
06/01/2023;67
07/01/2023;66
08/01/2023;78
09/01/2023;70
10/01/2023;69
11/01/2023;80
12/01/2023;73
13/01/2023;78
14/01/2023;73
15/01/2023;75
16/01/2023;68
17/01/2023;75
18/01/2023;78
19/01/2023;73
20/01/2023;77
21/01/2023;76
22/01/2023;67
23/01/2023;77
24/01/2023;74
25/01/2023;70
26/01/2023;66
27/01/2023;78
28/01/2023;73
29/01/2023;76
30/01/2023;79
31/01/2023;76
01/02/2023;81
02/02/2023;73
03/02/2023;79
04/02/2023;74
05/02/2023;81
06/02/2023;81
07/02/2023;69
08/02/2023;69
09/02/2023;71
10/02/2023;82
11/02/2023;74
12/02/2023;77
13/02/2023;72
14/02/2023;75
15/02/2023;73
16/02/2023;73
17/02/2023;76
18/02/2023;76
19/02/2023;81
20/02/2023;78
21/02/2023;81
22/02/2023;80
23/02/2023;82
24/02/2023;77
25/02/2023;70
26/02/2023;80
27/02/2023;82
28/02/2023;81
01/03/2023;88
02/03/2023;91
03/03/2023;82
04/03/2023;93
05/03/2023;88
06/03/2023;83
07/03/2023;79
08/03/2023;93
09/03/2023;95
10/03/2023;80
11/03/2023;92
12/03/2023;85
13/03/2023;81
14/03/2023;83
15/03/2023;91
16/03/2023;93
17/03/2023;79
18/03/2023;89
19/03/2023;79
20/03/2023;91
21/03/2023;84
22/03/2023;93
23/03/2023;95
24/03/2023;87
25/03/2023;95
26/03/2023;83
27/03/2023;79
28/03/2023;89
29/03/2023;79
30/03/2023;82
31/03/2023;85
01/04/2023;112
02/04/2023;102
03/04/2023;100
04/04/2023;118
05/04/2023;106
06/04/2023;120
07/04/2023;118
08/04/2023;107
09/04/2023;109
10/04/2023;110
11/04/2023;113
12/04/2023;112
13/04/2023;111
14/04/2023;112
15/04/2023;119
16/04/2023;110
17/04/2023;108
18/04/2023;114
19/04/2023;104
20/04/2023;105
21/04/2023;120
22/04/2023;110
23/04/2023;111
24/04/2023;99
25/04/2023;108
26/04/2023;111
27/04/2023;99
28/04/2023;112
29/04/2023;113
30/04/2023;100
01/05/2023;136
02/05/2023;132
03/05/2023;137
04/05/2023;129
05/05/2023;138
06/05/2023;139
07/05/2023;120
08/05/2023;121
09/05/2023;137
10/05/2023;145
11/05/2023;126
12/05/2023;131
13/05/2023;135
14/05/2023;128
15/05/2023;129
16/05/2023;128
17/05/2023;129
18/05/2023;135
19/05/2023;127
20/05/2023;129
21/05/2023;140
22/05/2023;120
23/05/2023;134
24/05/2023;139
25/05/2023;127
26/05/2023;125
27/05/2023;141
28/05/2023;126
29/05/2023;124
30/05/2023;131
31/05/2023;138
01/06/2023;130
02/06/2023;137
03/06/2023;137
04/06/2023;151
05/06/2023;140
06/06/2023;152
07/06/2023;132
08/06/2023;137
09/06/2023;146
10/06/2023;153
11/06/2023;140
12/06/2023;134
13/06/2023;131
14/06/2023;142
15/06/2023;133
16/06/2023;150
17/06/2023;151
18/06/2023;133
19/06/2023;135
20/06/2023;150
21/06/2023;146
22/06/2023;150
23/06/2023;137
24/06/2023;131
25/06/2023;136
26/06/2023;150
27/06/2023;135
28/06/2023;137
29/06/2023;139
30/06/2023;139
01/07/2023;99
02/07/2023;109
03/07/2023;94
04/07/2023;91
05/07/2023;109
06/07/2023;108
07/07/2023;110
08/07/2023;99
09/07/2023;110
10/07/2023;109
11/07/2023;95
12/07/2023;105
13/07/2023;107
14/07/2023;104
15/07/2023;101
16/07/2023;96
17/07/2023;97
18/07/2023;95
19/07/2023;92
20/07/2023;102
21/07/2023;96
22/07/2023;107
23/07/2023;91
24/07/2023;109
25/07/2023;104
26/07/2023;109
27/07/2023;108
28/07/2023;109
29/07/2023;102
30/07/2023;91
31/07/2023;105
01/08/2023;77
02/08/2023;79
03/08/2023;85
04/08/2023;83
05/08/2023;81
06/08/2023;89
07/08/2023;84
08/08/2023;80
09/08/2023;78
10/08/2023;88
11/08/2023;82
12/08/2023;87
13/08/2023;80
14/08/2023;77
15/08/2023;83
16/08/2023;87
17/08/2023;77
18/08/2023;87
19/08/2023;89
20/08/2023;87
21/08/2023;88
22/08/2023;74
23/08/2023;84
24/08/2023;88
25/08/2023;75
26/08/2023;78
27/08/2023;78
28/08/2023;83
29/08/2023;81
30/08/2023;82
31/08/2023;87
01/09/2023;66
02/09/2023;67
03/09/2023;68
04/09/2023;68
05/09/2023;67
06/09/2023;80
07/09/2023;78
08/09/2023;67
09/09/2023;73
10/09/2023;70
11/09/2023;70
12/09/2023;71
13/09/2023;75
14/09/2023;74
15/09/2023;71
16/09/2023;69
17/09/2023;71
18/09/2023;68
19/09/2023;74
20/09/2023;76
21/09/2023;71
22/09/2023;67
23/09/2023;68
24/09/2023;71
25/09/2023;75
26/09/2023;77
27/09/2023;71
28/09/2023;77
29/09/2023;75
30/09/2023;72
01/10/2023;67
02/10/2023;68
03/10/2023;71
04/10/2023;67
05/10/2023;71
06/10/2023;68
07/10/2023;65
08/10/2023;69
09/10/2023;71
10/10/2023;63
11/10/2023;67
12/10/2023;68
13/10/2023;74
14/10/2023;75
15/10/2023;67
16/10/2023;74
17/10/2023;73
18/10/2023;65
19/10/2023;68
20/10/2023;63
21/10/2023;73
22/10/2023;71
23/10/2023;74
24/10/2023;73
25/10/2023;71
26/10/2023;72
27/10/2023;69
28/10/2023;63
29/10/2023;70
30/10/2023;62
31/10/2023;64
01/11/2023;75
02/11/2023;65
03/11/2023;65
04/11/2023;66
05/11/2023;77
06/11/2023;67
07/11/2023;64
08/11/2023;76
09/11/2023;66
10/11/2023;76
11/11/2023;74
12/11/2023;76
13/11/2023;78
14/11/2023;72
15/11/2023;76
16/11/2023;65
17/11/2023;75
18/11/2023;71
19/11/2023;74
20/11/2023;66
21/11/2023;75
22/11/2023;77
23/11/2023;65
24/11/2023;69
25/11/2023;72
26/11/2023;76
27/11/2023;68
28/11/2023;67
29/11/2023;68
30/11/2023;73
01/12/2023;69
02/12/2023;64
03/12/2023;64
04/12/2023;64
05/12/2023;64
06/12/2023;65
07/12/2023;60
08/12/2023;66
09/12/2023;72
10/12/2023;65
11/12/2023;69
12/12/2023;61
13/12/2023;68
14/12/2023;69
15/12/2023;68
16/12/2023;66
17/12/2023;66
18/12/2023;68
19/12/2023;71
20/12/2023;61
21/12/2023;60
22/12/2023;69
23/12/2023;71
24/12/2023;66
25/12/2023;65
26/12/2023;69
27/12/2023;62
28/12/2023;63
29/12/2023;62
30/12/2023;67
31/12/2023;63
01/01/2024;69
02/01/2024;76
03/01/2024;80
04/01/2024;70
05/01/2024;76
06/01/2024;72
07/01/2024;78
08/01/2024;74
09/01/2024;70
10/01/2024;69
11/01/2024;66
12/01/2024;73
13/01/2024;71
14/01/2024;68
15/01/2024;71
16/01/2024;70
17/01/2024;77
18/01/2024;68
19/01/2024;80
20/01/2024;73
21/01/2024;75
22/01/2024;73
23/01/2024;78
24/01/2024;78
25/01/2024;74
26/01/2024;73
27/01/2024;76
28/01/2024;78
29/01/2024;72
30/01/2024;77
31/01/2024;80
01/02/2024;74
02/02/2024;71
03/02/2024;71
04/02/2024;78
05/02/2024;78
06/02/2024;82
07/02/2024;80
08/02/2024;71
09/02/2024;70
10/02/2024;71
11/02/2024;70
12/02/2024;78
13/02/2024;80
14/02/2024;81
15/02/2024;71
16/02/2024;80
17/02/2024;72
18/02/2024;74
19/02/2024;78
20/02/2024;69
21/02/2024;69
22/02/2024;80
23/02/2024;72
24/02/2024;73
25/02/2024;76
26/02/2024;78
27/02/2024;68
28/02/2024;72
29/02/2024;74
01/03/2024;87
02/03/2024;82
03/03/2024;88
04/03/2024;95
05/03/2024;85
06/03/2024;88
07/03/2024;80
08/03/2024;83
09/03/2024;90
10/03/2024;80
11/03/2024;94
12/03/2024;94
13/03/2024;80
14/03/2024;94
15/03/2024;85
16/03/2024;92
17/03/2024;91
18/03/2024;83
19/03/2024;90
20/03/2024;89
21/03/2024;92
22/03/2024;83
23/03/2024;91
24/03/2024;95
25/03/2024;90
26/03/2024;87
27/03/2024;80
28/03/2024;87
29/03/2024;84
30/03/2024;91
31/03/2024;90
01/04/2024;111
02/04/2024;103
03/04/2024;113
04/04/2024;113
05/04/2024;103
06/04/2024;118
07/04/2024;113
08/04/2024;101
09/04/2024;119
10/04/2024;102
11/04/2024;106
12/04/2024;114
13/04/2024;112
14/04/2024;111
15/04/2024;113
16/04/2024;109
17/04/2024;106
18/04/2024;103
19/04/2024;100
20/04/2024;114
21/04/2024;115
22/04/2024;111
23/04/2024;115
24/04/2024;107
25/04/2024;105
26/04/2024;107
27/04/2024;118
28/04/2024;100
29/04/2024;110
30/04/2024;104
01/05/2024;140
02/05/2024;129
03/05/2024;128
04/05/2024;130
05/05/2024;134
06/05/2024;140
07/05/2024;129
08/05/2024;142
09/05/2024;122
10/05/2024;126
11/05/2024;122
12/05/2024;122
13/05/2024;140
14/05/2024;139
15/05/2024;124
16/05/2024;124
17/05/2024;130
18/05/2024;139
19/05/2024;141
20/05/2024;139
21/05/2024;135
22/05/2024;123
23/05/2024;130
24/05/2024;124
25/05/2024;133
26/05/2024;134
27/05/2024;125
28/05/2024;126
29/05/2024;140
30/05/2024;120
31/05/2024;141
01/06/2024;153
02/06/2024;154
03/06/2024;138
04/06/2024;143
05/06/2024;144
06/06/2024;145
07/06/2024;155
08/06/2024;147
09/06/2024;136
10/06/2024;152
11/06/2024;141
12/06/2024;144
13/06/2024;148
14/06/2024;128
15/06/2024;149
16/06/2024;146
17/06/2024;141
18/06/2024;142
19/06/2024;141
20/06/2024;133
21/06/2024;142
22/06/2024;129
23/06/2024;142
24/06/2024;146
25/06/2024;140
26/06/2024;143
27/06/2024;155
28/06/2024;153
29/06/2024;131
30/06/2024;150
01/07/2024;103
02/07/2024;91
03/07/2024;98
04/07/2024;95
05/07/2024;92
06/07/2024;101
07/07/2024;109
08/07/2024;97
09/07/2024;108
10/07/2024;104
11/07/2024;93
12/07/2024;108
13/07/2024;103
14/07/2024;109
15/07/2024;105
16/07/2024;105
17/07/2024;97
18/07/2024;107
19/07/2024;109
20/07/2024;108
21/07/2024;99
22/07/2024;106
23/07/2024;100
24/07/2024;93
25/07/2024;91
26/07/2024;92
27/07/2024;94
28/07/2024;94
29/07/2024;100
30/07/2024;105
31/07/2024;101
01/08/2024;81
02/08/2024;85
03/08/2024;79
04/08/2024;82
05/08/2024;86
06/08/2024;81
07/08/2024;77
08/08/2024;89
09/08/2024;86
10/08/2024;80
11/08/2024;80
12/08/2024;83
13/08/2024;84
14/08/2024;78
15/08/2024;74
16/08/2024;77
17/08/2024;87
18/08/2024;76
19/08/2024;82
20/08/2024;77
21/08/2024;77
22/08/2024;77
23/08/2024;81
24/08/2024;77
25/08/2024;74
26/08/2024;76
27/08/2024;77
28/08/2024;82
29/08/2024;75
30/08/2024;74
31/08/2024;81
01/09/2024;72
02/09/2024;76
03/09/2024;67
04/09/2024;72
05/09/2024;72
06/09/2024;66
07/09/2024;80
08/09/2024;69
09/09/2024;67
10/09/2024;73
11/09/2024;68
12/09/2024;75
13/09/2024;71
14/09/2024;68
15/09/2024;67
16/09/2024;76
17/09/2024;70
18/09/2024;77
19/09/2024;73
20/09/2024;79
21/09/2024;70
22/09/2024;69
23/09/2024;70
24/09/2024;78
25/09/2024;75
26/09/2024;71
27/09/2024;67
28/09/2024;76
29/09/2024;80
30/09/2024;74
01/10/2024;62
02/10/2024;62
03/10/2024;63
04/10/2024;64
05/10/2024;62
06/10/2024;62
07/10/2024;71
08/10/2024;74
09/10/2024;64
10/10/2024;75
11/10/2024;68
12/10/2024;73
13/10/2024;74
14/10/2024;75
15/10/2024;62
16/10/2024;66
17/10/2024;70
18/10/2024;75
19/10/2024;63
20/10/2024;66
21/10/2024;73
22/10/2024;63
23/10/2024;67
24/10/2024;66
25/10/2024;71
26/10/2024;74
27/10/2024;64
28/10/2024;72
29/10/2024;72
30/10/2024;73
31/10/2024;69
01/11/2024;77
02/11/2024;69
03/11/2024;70
04/11/2024;67
05/11/2024;75
06/11/2024;71
07/11/2024;68
08/11/2024;67
09/11/2024;74
10/11/2024;73
11/11/2024;74
12/11/2024;70
13/11/2024;71
14/11/2024;66
15/11/2024;74
16/11/2024;64
17/11/2024;71
18/11/2024;75
19/11/2024;74
20/11/2024;66
21/11/2024;68
22/11/2024;76
23/11/2024;73
24/11/2024;77
25/11/2024;77
26/11/2024;71
27/11/2024;77
28/11/2024;75
29/11/2024;69
30/11/2024;69
01/12/2024;60
02/12/2024;64
03/12/2024;72
04/12/2024;61
05/12/2024;67
06/12/2024;61
07/12/2024;60
08/12/2024;68
09/12/2024;62
10/12/2024;60
11/12/2024;61
12/12/2024;68
13/12/2024;67
14/12/2024;59
15/12/2024;62
16/12/2024;72
17/12/2024;62
18/12/2024;67
19/12/2024;65
20/12/2024;69
21/12/2024;67
22/12/2024;70
23/12/2024;66
24/12/2024;62
25/12/2024;62
26/12/2024;60
27/12/2024;70
28/12/2024;61
29/12/2024;60
30/12/2024;72
31/12/2024;62
