month,value
2023-01-01,9865
2023-02-01,10204
2023-03-01,9338
2023-04-01,7599
2023-05-01,7562
2023-06-01,8455
2023-07-01,8932
2023-08-01,9156
2023-09-01,8945
2023-10-01,7350
2023-11-01,8097
2023-12-01,9369
2024-01-01,10357
2024-02-01,11062
2024-03-01,9755
2024-04-01,7804
2024-05-01,8209
2024-06-01,9040
2024-07-01,9095
2024-08-01,10129
2024-09-01,9307
2024-10-01,7967
2024-11-01,8475
2024-12-01,10067
2025-01-01,10595
2025-02-01,11283
2025-03-01,10232
2025-04-01,8296
2025-05-01,8324
2025-06-01,9468
2025-07-01,9814
2025-08-01,10039
2025-09-01,9186
2025-10-01,8011
2025-11-01,8671
2025-12-01,10413
