date,bookings
2021-01-01,1027
2021-01-02,985
2021-01-03,1020
2021-01-04,1004
2021-01-05,972
2021-01-06,1036
2021-01-07,959
2021-01-08,1032
2021-01-09,967
2021-01-10,950
2021-01-11,970
2021-01-12,1026
2021-01-13,2096
2021-01-14,1901
2021-01-15,1998
2021-01-16,1998
2021-01-17,2059
2021-01-18,1937
2021-01-19,1999
2021-01-20,1969
2021-01-21,2066
2021-01-22,1952
2021-01-23,2089
2021-01-24,1957
2021-01-25,1943
2021-01-26,2040
2021-01-27,2000
2021-01-28,1922
2021-01-29,2027
2021-01-30,1916
2021-01-31,2058
2021-02-01,2039
2021-02-02,2057
2021-02-03,2026
2021-02-04,1971
2021-02-05,1980
2021-02-06,1979
2021-02-07,2078
2021-02-08,1917
2021-02-09,2078
2021-02-10,953
2021-02-11,971
2021-02-12,586
2021-02-13,624
2021-02-14,600
2021-02-15,593
2021-02-16,623
2021-02-17,584
2021-02-18,598
2021-02-19,602
2021-02-20,615
2021-02-21,615
2021-02-22,609
2021-02-23,985
2021-02-24,983
2021-02-25,966
2021-02-26,1034
2021-02-27,1016
2021-02-28,1024
2021-03-01,967
2021-03-02,994
2021-03-03,1027
2021-03-04,1008
2021-03-05,963
2021-03-06,996
2021-03-07,1039
2021-03-08,974
2021-03-09,969
2021-03-10,980
2021-03-11,1020
2021-03-12,1034
2021-03-13,965
2021-03-14,966
2021-03-15,975
2021-03-16,983
2021-03-17,1002
2021-03-18,966
2021-03-19,983
2021-03-20,969
2021-03-21,1048
2021-03-22,1023
2021-03-23,960
2021-03-24,1046
2021-03-25,960
2021-03-26,988
2021-03-27,1048
2021-03-28,1029
2021-03-29,1023
2021-03-30,993
2021-03-31,970
2021-04-01,1014
2021-04-02,961
2021-04-03,971
2021-04-04,989
2021-04-05,953
2021-04-06,990
2021-04-07,1029
2021-04-08,1019
2021-04-09,1000
2021-04-10,1013
2021-04-11,996
2021-04-12,964
2021-04-13,1010
2021-04-14,990
2021-04-15,1024
2021-04-16,1041
2021-04-17,993
2021-04-18,1007
2021-04-19,1025
2021-04-20,992
2021-04-21,973
2021-04-22,1022
2021-04-23,1038
2021-04-24,1027
2021-04-25,1020
2021-04-26,1035
2021-04-27,1018
2021-04-28,1014
2021-04-29,995
2021-04-30,981
2021-05-01,1013
2021-05-02,960
2021-05-03,992
2021-05-04,1028
2021-05-05,1021
2021-05-06,1013
2021-05-07,975
2021-05-08,992
2021-05-09,996
2021-05-10,1012
2021-05-11,991
2021-05-12,1018
2021-05-13,1043
2021-05-14,968
2021-05-15,1015
2021-05-16,1028
2021-05-17,989
2021-05-18,999
2021-05-19,1047
2021-05-20,954
2021-05-21,1004
2021-05-22,966
2021-05-23,1028
2021-05-24,1044
2021-05-25,1002
2021-05-26,960
2021-05-27,1007
2021-05-28,1004
2021-05-29,1022
2021-05-30,1001
2021-05-31,1014
2021-06-01,1033
2021-06-02,1002
2021-06-03,991
2021-06-04,1045
2021-06-05,971
2021-06-06,1018
2021-06-07,989
2021-06-08,1026
2021-06-09,962
2021-06-10,1048
2021-06-11,986
2021-06-12,956
2021-06-13,977
2021-06-14,990
2021-06-15,951
2021-06-16,992
2021-06-17,992
2021-06-18,1020
2021-06-19,985
2021-06-20,977
2021-06-21,972
2021-06-22,1024
2021-06-23,1044
2021-06-24,1003
2021-06-25,972
2021-06-26,1030
2021-06-27,989
2021-06-28,971
2021-06-29,963
2021-06-30,1028
2021-07-01,1031
2021-07-02,1013
2021-07-03,997
2021-07-04,1006
2021-07-05,973
2021-07-06,1046
2021-07-07,985
2021-07-08,1014
2021-07-09,1032
2021-07-10,1032
2021-07-11,997
2021-07-12,979
2021-07-13,1005
2021-07-14,963
2021-07-15,1033
2021-07-16,985
2021-07-17,1035
2021-07-18,977
2021-07-19,988
2021-07-20,975
2021-07-21,993
2021-07-22,969
2021-07-23,950
2021-07-24,1022
2021-07-25,978
2021-07-26,974
2021-07-27,980
2021-07-28,998
2021-07-29,993
2021-07-30,1014
2021-07-31,1016
2021-08-01,986
2021-08-02,1043
2021-08-03,1035
2021-08-04,956
2021-08-05,1033
2021-08-06,1041
2021-08-07,1028
2021-08-08,964
2021-08-09,1033
2021-08-10,1013
2021-08-11,951
2021-08-12,951
2021-08-13,1045
2021-08-14,1016
2021-08-15,975
2021-08-16,960
2021-08-17,964
2021-08-18,973
2021-08-19,1028
2021-08-20,985
2021-08-21,965
2021-08-22,1040
2021-08-23,1029
2021-08-24,967
2021-08-25,1039
2021-08-26,1011
2021-08-27,1028
2021-08-28,1017
2021-08-29,1039
2021-08-30,1029
2021-08-31,1034
2021-09-01,970
2021-09-02,1019
2021-09-03,1003
2021-09-04,1024
2021-09-05,994
2021-09-06,1038
2021-09-07,1006
2021-09-08,976
2021-09-09,973
2021-09-10,964
2021-09-11,999
2021-09-12,956
2021-09-13,997
2021-09-14,964
2021-09-15,999
2021-09-16,1000
2021-09-17,1004
2021-09-18,1036
2021-09-19,951
2021-09-20,1034
2021-09-21,997
2021-09-22,1006
2021-09-23,1017
2021-09-24,1034
2021-09-25,987
2021-09-26,992
2021-09-27,1046
2021-09-28,958
2021-09-29,1014
2021-09-30,1014
2021-10-01,953
2021-10-02,1011
2021-10-03,1018
2021-10-04,1043
2021-10-05,983
2021-10-06,1048
2021-10-07,1001
2021-10-08,998
2021-10-09,1040
2021-10-10,953
2021-10-11,1022
2021-10-12,1013
2021-10-13,984
2021-10-14,1036
2021-10-15,987
2021-10-16,997
2021-10-17,1003
2021-10-18,1027
2021-10-19,971
2021-10-20,994
2021-10-21,992
2021-10-22,1005
2021-10-23,1033
2021-10-24,979
2021-10-25,1033
2021-10-26,990
2021-10-27,1000
2021-10-28,977
2021-10-29,1001
2021-10-30,1047
2021-10-31,1015
2021-11-01,1029
2021-11-02,983
2021-11-03,982
2021-11-04,980
2021-11-05,1009
2021-11-06,1013
2021-11-07,1028
2021-11-08,954
2021-11-09,1022
2021-11-10,1039
2021-11-11,1005
2021-11-12,955
2021-11-13,980
2021-11-14,951
2021-11-15,969
2021-11-16,1042
2021-11-17,1011
2021-11-18,1016
2021-11-19,1029
2021-11-20,1041
2021-11-21,1011
2021-11-22,1012
2021-11-23,1013
2021-11-24,1020
2021-11-25,1010
2021-11-26,1018
2021-11-27,971
2021-11-28,1017
2021-11-29,996
2021-11-30,1026
2021-12-01,960
2021-12-02,968
2021-12-03,954
2021-12-04,1027
2021-12-05,1041
2021-12-06,1016
2021-12-07,987
2021-12-08,1032
2021-12-09,1029
2021-12-10,1006
2021-12-11,976
2021-12-12,980
2021-12-13,992
2021-12-14,982
2021-12-15,993
2021-12-16,1014
2021-12-17,1043
2021-12-18,955
2021-12-19,1007
2021-12-20,954
2021-12-21,962
2021-12-22,1031
2021-12-23,1008
2021-12-24,1042
2021-12-25,995
2021-12-26,951
2021-12-27,989
2021-12-28,1009
2021-12-29,1044
2021-12-30,1048
2021-12-31,998
2022-01-01,991
2022-01-02,1920
2022-01-03,2029
2022-01-04,1942
2022-01-05,1930
2022-01-06,1903
2022-01-07,1901
2022-01-08,2037
2022-01-09,1924
2022-01-10,2093
2022-01-11,1918
2022-01-12,2074
2022-01-13,1926
2022-01-14,1904
2022-01-15,2044
2022-01-16,1948
2022-01-17,2047
2022-01-18,1937
2022-01-19,1910
2022-01-20,2055
2022-01-21,2043
2022-01-22,2071
2022-01-23,2046
2022-01-24,1917
2022-01-25,2026
2022-01-26,2042
2022-01-27,1992
2022-01-28,2086
2022-01-29,1951
2022-01-30,1046
2022-01-31,1022
2022-02-01,571
2022-02-02,571
2022-02-03,609
2022-02-04,619
2022-02-05,575
2022-02-06,589
2022-02-07,614
2022-02-08,580
2022-02-09,622
2022-02-10,599
2022-02-11,574
2022-02-12,987
2022-02-13,1007
2022-02-14,994
2022-02-15,1018
2022-02-16,964
2022-02-17,1030
2022-02-18,986
2022-02-19,1014
2022-02-20,1013
2022-02-21,992
2022-02-22,989
2022-02-23,1029
2022-02-24,1044
2022-02-25,1028
2022-02-26,1007
2022-02-27,979
2022-02-28,956
2022-03-01,1047
2022-03-02,1020
2022-03-03,1033
2022-03-04,983
2022-03-05,1011
2022-03-06,1048
2022-03-07,1033
2022-03-08,1010
2022-03-09,981
2022-03-10,993
2022-03-11,1039
2022-03-12,988
2022-03-13,1018
2022-03-14,1010
2022-03-15,1040
2022-03-16,1031
2022-03-17,978
2022-03-18,950
2022-03-19,976
2022-03-20,992
2022-03-21,1009
2022-03-22,1032
2022-03-23,1039
2022-03-24,954
2022-03-25,1033
2022-03-26,1031
2022-03-27,1037
2022-03-28,1007
2022-03-29,977
2022-03-30,1035
2022-03-31,1031
2022-04-01,1018
2022-04-02,1041
2022-04-03,985
2022-04-04,959
2022-04-05,1005
2022-04-06,1030
2022-04-07,970
2022-04-08,1025
2022-04-09,1043
2022-04-10,973
2022-04-11,1011
2022-04-12,1018
2022-04-13,997
2022-04-14,971
2022-04-15,975
2022-04-16,1025
2022-04-17,1029
2022-04-18,996
2022-04-19,959
2022-04-20,1031
2022-04-21,1027
2022-04-22,973
2022-04-23,1008
2022-04-24,1040
2022-04-25,1039
2022-04-26,1002
2022-04-27,998
2022-04-28,1009
2022-04-29,969
2022-04-30,969
2022-05-01,968
2022-05-02,1020
2022-05-03,986
2022-05-04,1006
2022-05-05,990
2022-05-06,1002
2022-05-07,965
2022-05-08,954
2022-05-09,1050
2022-05-10,987
2022-05-11,961
2022-05-12,1013
2022-05-13,1029
2022-05-14,966
2022-05-15,1010
2022-05-16,984
2022-05-17,1002
2022-05-18,952
2022-05-19,953
2022-05-20,1049
2022-05-21,1037
2022-05-22,999
2022-05-23,1007
2022-05-24,976
2022-05-25,1028
2022-05-26,993
2022-05-27,1045
2022-05-28,1027
2022-05-29,1032
2022-05-30,1046
2022-05-31,975
2022-06-01,954
2022-06-02,970
2022-06-03,968
2022-06-04,958
2022-06-05,955
2022-06-06,1006
2022-06-07,1037
2022-06-08,996
2022-06-09,1045
2022-06-10,1041
2022-06-11,956
2022-06-12,1010
2022-06-13,990
2022-06-14,962
2022-06-15,1046
2022-06-16,976
2022-06-17,1006
2022-06-18,1014
2022-06-19,1046
2022-06-20,1017
2022-06-21,989
2022-06-22,995
2022-06-23,966
2022-06-24,1047
2022-06-25,1049
2022-06-26,972
2022-06-27,954
2022-06-28,976
2022-06-29,985
2022-06-30,1040
2022-07-01,1040
2022-07-02,1034
2022-07-03,955
2022-07-04,1029
2022-07-05,1021
2022-07-06,1015
2022-07-07,1049
2022-07-08,956
2022-07-09,964
2022-07-10,1025
2022-07-11,1044
2022-07-12,1018
2022-07-13,980
2022-07-14,1009
2022-07-15,1026
2022-07-16,961
2022-07-17,982
2022-07-18,976
2022-07-19,962
2022-07-20,998
2022-07-21,967
2022-07-22,974
2022-07-23,964
2022-07-24,1018
2022-07-25,951
2022-07-26,1022
2022-07-27,970
2022-07-28,954
2022-07-29,1043
2022-07-30,972
2022-07-31,1043
2022-08-01,1037
2022-08-02,1039
2022-08-03,964
2022-08-04,995
2022-08-05,960
2022-08-06,1043
2022-08-07,1034
2022-08-08,1013
2022-08-09,995
2022-08-10,984
2022-08-11,1032
2022-08-12,998
2022-08-13,1013
2022-08-14,964
2022-08-15,972
2022-08-16,956
2022-08-17,1021
2022-08-18,1005
2022-08-19,964
2022-08-20,1037
2022-08-21,977
2022-08-22,991
2022-08-23,966
2022-08-24,977
2022-08-25,1034
2022-08-26,983
2022-08-27,967
2022-08-28,999
2022-08-29,982
2022-08-30,1040
2022-08-31,961
2022-09-01,1048
2022-09-02,956
2022-09-03,1040
2022-09-04,1017
2022-09-05,971
2022-09-06,998
2022-09-07,979
2022-09-08,976
2022-09-09,970
2022-09-10,986
2022-09-11,1049
2022-09-12,1050
2022-09-13,1043
2022-09-14,960
2022-09-15,979
2022-09-16,1040
2022-09-17,956
2022-09-18,1023
2022-09-19,979
2022-09-20,1048
2022-09-21,952
2022-09-22,1031
2022-09-23,984
2022-09-24,964
2022-09-25,950
2022-09-26,1033
2022-09-27,1003
2022-09-28,969
2022-09-29,994
2022-09-30,1041
2022-10-01,972
2022-10-02,1007
2022-10-03,964
2022-10-04,968
2022-10-05,1027
2022-10-06,1021
2022-10-07,970
2022-10-08,958
2022-10-09,959
2022-10-10,1011
2022-10-11,1000
2022-10-12,977
2022-10-13,971
2022-10-14,1011
2022-10-15,1021
2022-10-16,1031
2022-10-17,1008
2022-10-18,970
2022-10-19,957
2022-10-20,1023
2022-10-21,991
2022-10-22,1022
2022-10-23,956
2022-10-24,1031
2022-10-25,984
2022-10-26,1034
2022-10-27,1036
2022-10-28,999
2022-10-29,952
2022-10-30,1041
2022-10-31,998
2022-11-01,1037
2022-11-02,977
2022-11-03,969
2022-11-04,1033
2022-11-05,987
2022-11-06,966
2022-11-07,987
2022-11-08,1009
2022-11-09,950
2022-11-10,1002
2022-11-11,995
2022-11-12,1002
2022-11-13,962
2022-11-14,1021
2022-11-15,1032
2022-11-16,1037
2022-11-17,982
2022-11-18,1021
2022-11-19,988
2022-11-20,1025
2022-11-21,956
2022-11-22,1037
2022-11-23,1045
2022-11-24,999
2022-11-25,1001
2022-11-26,1003
2022-11-27,1004
2022-11-28,952
2022-11-29,1047
2022-11-30,972
2022-12-01,968
2022-12-02,960
2022-12-03,975
2022-12-04,1032
2022-12-05,953
2022-12-06,960
2022-12-07,1020
2022-12-08,970
2022-12-09,952
2022-12-10,1010
2022-12-11,1008
2022-12-12,1002
2022-12-13,1020
2022-12-14,960
2022-12-15,1037
2022-12-16,1022
2022-12-17,955
2022-12-18,962
2022-12-19,999
2022-12-20,1000
2022-12-21,978
2022-12-22,962
2022-12-23,991
2022-12-24,964
2022-12-25,1009
2022-12-26,1036
2022-12-27,965
2022-12-28,1007
2022-12-29,1025
2022-12-30,966
2022-12-31,1033
2023-01-01,2088
2023-01-02,1978
2023-01-03,1984
2023-01-04,2068
2023-01-05,2005
2023-01-06,1979
2023-01-07,2088
2023-01-08,2055
2023-01-09,1968
2023-01-10,1948
2023-01-11,1967
2023-01-12,1987
2023-01-13,2096
2023-01-14,2061
2023-01-15,2083
2023-01-16,2063
2023-01-17,2070
2023-01-18,1911
2023-01-19,2003
2023-01-20,1046
2023-01-21,1043
2023-01-22,585
2023-01-23,595
2023-01-24,608
2023-01-25,592
2023-01-26,602
2023-01-27,574
2023-01-28,596
2023-01-29,600
2023-01-30,571
2023-01-31,578
2023-02-01,628
2023-02-02,1028
2023-02-03,1044
2023-02-04,1013
2023-02-05,1031
2023-02-06,1038
2023-02-07,1038
2023-02-08,953
2023-02-09,1014
2023-02-10,977
2023-02-11,1018
2023-02-12,977
2023-02-13,1004
2023-02-14,1042
2023-02-15,1012
2023-02-16,975
2023-02-17,1002
2023-02-18,993
2023-02-19,1045
2023-02-20,979
2023-02-21,981
2023-02-22,1015
2023-02-23,962
2023-02-24,1009
2023-02-25,1046
2023-02-26,1001
2023-02-27,977
2023-02-28,997
2023-03-01,1003
2023-03-02,965
2023-03-03,962
2023-03-04,963
2023-03-05,979
2023-03-06,991
2023-03-07,979
2023-03-08,974
2023-03-09,959
2023-03-10,1005
2023-03-11,1034
2023-03-12,1011
2023-03-13,1007
2023-03-14,1015
2023-03-15,970
2023-03-16,1021
2023-03-17,996
2023-03-18,1005
2023-03-19,1011
2023-03-20,997
2023-03-21,981
2023-03-22,974
2023-03-23,972
2023-03-24,1001
2023-03-25,988
2023-03-26,1009
2023-03-27,951
2023-03-28,985
2023-03-29,1036
2023-03-30,974
2023-03-31,1006
2023-04-01,999
2023-04-02,978
2023-04-03,1049
2023-04-04,980
2023-04-05,1027
2023-04-06,966
2023-04-07,957
2023-04-08,1037
2023-04-09,994
2023-04-10,956
2023-04-11,989
2023-04-12,994
2023-04-13,1024
2023-04-14,961
2023-04-15,973
2023-04-16,1046
2023-04-17,1024
2023-04-18,965
2023-04-19,984
2023-04-20,985
2023-04-21,1018
2023-04-22,1012
2023-04-23,1035
2023-04-24,1032
2023-04-25,1002
2023-04-26,1024
2023-04-27,1024
2023-04-28,1026
2023-04-29,998
2023-04-30,1028
2023-05-01,1021
2023-05-02,1041
2023-05-03,963
2023-05-04,1037
2023-05-05,950
2023-05-06,1027
2023-05-07,1009
2023-05-08,1000
2023-05-09,1046
2023-05-10,1007
2023-05-11,992
2023-05-12,1028
2023-05-13,1037
2023-05-14,1011
2023-05-15,988
2023-05-16,995
2023-05-17,996
2023-05-18,1022
2023-05-19,979
2023-05-20,989
2023-05-21,1006
2023-05-22,988
2023-05-23,982
2023-05-24,1029
2023-05-25,1035
2023-05-26,1000
2023-05-27,994
2023-05-28,968
2023-05-29,980
2023-05-30,964
2023-05-31,1008
2023-06-01,1008
2023-06-02,959
2023-06-03,1042
2023-06-04,982
2023-06-05,1034
2023-06-06,1034
2023-06-07,1046
2023-06-08,970
2023-06-09,993
2023-06-10,1041
2023-06-11,951
2023-06-12,955
2023-06-13,1006
2023-06-14,1000
2023-06-15,1042
2023-06-16,1027
2023-06-17,1004
2023-06-18,1050
2023-06-19,1002
2023-06-20,1002
2023-06-21,1019
2023-06-22,989
2023-06-23,986
2023-06-24,1009
2023-06-25,985
2023-06-26,1045
2023-06-27,1018
2023-06-28,1003
2023-06-29,960
2023-06-30,987
2023-07-01,990
2023-07-02,1006
2023-07-03,1007
2023-07-04,1038
2023-07-05,1046
2023-07-06,999
2023-07-07,994
2023-07-08,1012
2023-07-09,1050
2023-07-10,984
2023-07-11,1003
2023-07-12,1032
2023-07-13,967
2023-07-14,982
2023-07-15,1048
2023-07-16,1033
2023-07-17,1001
2023-07-18,961
2023-07-19,1039
2023-07-20,1019
2023-07-21,1032
2023-07-22,1049
2023-07-23,1039
2023-07-24,992
2023-07-25,966
2023-07-26,979
2023-07-27,1001
2023-07-28,1000
2023-07-29,969
2023-07-30,968
2023-07-31,1013
2023-08-01,1010
2023-08-02,985
2023-08-03,1049
2023-08-04,1014
2023-08-05,954
2023-08-06,991
2023-08-07,1029
2023-08-08,981
2023-08-09,1019
2023-08-10,950
2023-08-11,980
2023-08-12,1034
2023-08-13,1009
2023-08-14,1017
2023-08-15,970
2023-08-16,1000
2023-08-17,1005
2023-08-18,977
2023-08-19,1015
2023-08-20,1003
2023-08-21,1050
2023-08-22,1007
2023-08-23,991
2023-08-24,962
2023-08-25,966
2023-08-26,1026
2023-08-27,961
2023-08-28,960
2023-08-29,967
2023-08-30,1002
2023-08-31,1032
2023-09-01,1011
2023-09-02,1031
2023-09-03,956
2023-09-04,951
2023-09-05,1027
2023-09-06,982
2023-09-07,1022
2023-09-08,985
2023-09-09,967
2023-09-10,977
2023-09-11,960
2023-09-12,1040
2023-09-13,1008
2023-09-14,985
2023-09-15,995
2023-09-16,989
2023-09-17,955
2023-09-18,1039
2023-09-19,1008
2023-09-20,1046
2023-09-21,994
2023-09-22,1012
2023-09-23,975
2023-09-24,954
2023-09-25,1043
2023-09-26,1035
2023-09-27,981
2023-09-28,1040
2023-09-29,1032
2023-09-30,980
2023-10-01,1010
2023-10-02,1046
2023-10-03,1000
2023-10-04,1045
2023-10-05,974
2023-10-06,989
2023-10-07,1022
2023-10-08,972
2023-10-09,981
2023-10-10,1038
2023-10-11,998
2023-10-12,1029
2023-10-13,974
2023-10-14,967
2023-10-15,986
2023-10-16,969
2023-10-17,1047
2023-10-18,979
2023-10-19,1006
2023-10-20,961
2023-10-21,1003
2023-10-22,989
2023-10-23,990
2023-10-24,957
2023-10-25,962
2023-10-26,1033
2023-10-27,985
2023-10-28,974
2023-10-29,969
2023-10-30,978
2023-10-31,974
2023-11-01,953
2023-11-02,1016
2023-11-03,984
2023-11-04,966
2023-11-05,1021
2023-11-06,959
2023-11-07,977
2023-11-08,1034
2023-11-09,963
2023-11-10,994
2023-11-11,1034
2023-11-12,1030
2023-11-13,966
2023-11-14,985
2023-11-15,1022
2023-11-16,988
2023-11-17,1046
2023-11-18,971
2023-11-19,1045
2023-11-20,1000
2023-11-21,973
2023-11-22,995
2023-11-23,963
2023-11-24,1021
2023-11-25,976
2023-11-26,1040
2023-11-27,1009
2023-11-28,987
2023-11-29,975
2023-11-30,1011
2023-12-01,971
2023-12-02,1037
2023-12-03,962
2023-12-04,1001
2023-12-05,1004
2023-12-06,977
2023-12-07,1027
2023-12-08,988
2023-12-09,1016
2023-12-10,1007
2023-12-11,981
2023-12-12,989
2023-12-13,959
2023-12-14,968
2023-12-15,1035
2023-12-16,982
2023-12-17,1016
2023-12-18,961
2023-12-19,1006
2023-12-20,986
2023-12-21,1000
2023-12-22,980
2023-12-23,957
2023-12-24,981
2023-12-25,973
2023-12-26,963
2023-12-27,1022
2023-12-28,978
2023-12-29,990
2023-12-30,1041
2023-12-31,1027
2024-01-01,1038
2024-01-02,1036
2024-01-03,963
2024-01-04,978
2024-01-05,953
2024-01-06,1018
2024-01-07,1016
2024-01-08,985
2024-01-09,991
2024-01-10,1016
2024-01-11,2040
2024-01-12,1950
2024-01-13,2069
2024-01-14,1970
2024-01-15,2026
2024-01-16,1936
2024-01-17,1923
2024-01-18,2083
2024-01-19,2047
2024-01-20,2043
2024-01-21,1908
2024-01-22,1908
2024-01-23,1932
2024-01-24,1940
2024-01-25,1961
2024-01-26,1976
2024-01-27,1908
2024-01-28,1962
2024-01-29,2028
2024-01-30,1936
2024-01-31,2068
2024-02-01,2014
2024-02-02,2043
2024-02-03,1951
2024-02-04,1987
2024-02-05,2037
2024-02-06,1970
2024-02-07,1900
2024-02-08,1033
2024-02-09,1028
2024-02-10,587
2024-02-11,573
2024-02-12,621
2024-02-13,606
2024-02-14,573
2024-02-15,585
2024-02-16,577
2024-02-17,617
2024-02-18,583
2024-02-19,625
2024-02-20,615
2024-02-21,959
2024-02-22,1019
2024-02-23,989
2024-02-24,1025
2024-02-25,1033
2024-02-26,978
2024-02-27,959
2024-02-28,1045
2024-02-29,992
2024-03-01,1043
2024-03-02,1019
2024-03-03,1024
2024-03-04,1033
2024-03-05,1013
2024-03-06,995
2024-03-07,955
2024-03-08,1020
2024-03-09,993
2024-03-10,1001
2024-03-11,1043
2024-03-12,963
2024-03-13,1026
2024-03-14,954
2024-03-15,1020
2024-03-16,1031
2024-03-17,976
2024-03-18,1005
2024-03-19,1047
2024-03-20,1014
2024-03-21,1004
2024-03-22,975
2024-03-23,956
2024-03-24,986
2024-03-25,991
2024-03-26,970
2024-03-27,981
2024-03-28,964
2024-03-29,1021
2024-03-30,1017
2024-03-31,974
2024-04-01,974
2024-04-02,1002
2024-04-03,995
2024-04-04,1044
2024-04-05,985
2024-04-06,980
2024-04-07,1038
2024-04-08,964
2024-04-09,1006
2024-04-10,983
2024-04-11,1032
2024-04-12,1005
2024-04-13,1026
2024-04-14,967
2024-04-15,1017
2024-04-16,1010
2024-04-17,996
2024-04-18,1027
2024-04-19,1033
2024-04-20,961
2024-04-21,979
2024-04-22,986
2024-04-23,971
2024-04-24,956
2024-04-25,978
2024-04-26,970
2024-04-27,1020
2024-04-28,995
2024-04-29,961
2024-04-30,982
2024-05-01,997
2024-05-02,986
2024-05-03,967
2024-05-04,957
2024-05-05,951
2024-05-06,1049
2024-05-07,1025
2024-05-08,958
2024-05-09,1022
2024-05-10,1048
2024-05-11,1006
2024-05-12,961
2024-05-13,999
2024-05-14,993
2024-05-15,969
2024-05-16,1004
2024-05-17,951
2024-05-18,1042
2024-05-19,1014
2024-05-20,1013
2024-05-21,1044
2024-05-22,1015
2024-05-23,975
2024-05-24,975
2024-05-25,964
2024-05-26,953
2024-05-27,1027
2024-05-28,1034
2024-05-29,980
2024-05-30,969
2024-05-31,1014
2024-06-01,1035
2024-06-02,1043
2024-06-03,967
2024-06-04,1028
2024-06-05,1033
2024-06-06,1024
2024-06-07,983
2024-06-08,968
2024-06-09,1033
2024-06-10,982
2024-06-11,987
2024-06-12,1005
2024-06-13,987
2024-06-14,1033
2024-06-15,974
2024-06-16,954
2024-06-17,1007
2024-06-18,1013
2024-06-19,1032
2024-06-20,1021
2024-06-21,1041
2024-06-22,1044
2024-06-23,999
2024-06-24,1000
2024-06-25,966
2024-06-26,980
2024-06-27,1008
2024-06-28,958
2024-06-29,1019
2024-06-30,966
2024-07-01,994
2024-07-02,1047
2024-07-03,959
2024-07-04,954
2024-07-05,994
2024-07-06,969
2024-07-07,1022
2024-07-08,950
2024-07-09,1034
2024-07-10,1036
2024-07-11,1029
2024-07-12,993
2024-07-13,978
2024-07-14,1016
2024-07-15,1001
2024-07-16,992
2024-07-17,984
2024-07-18,994
2024-07-19,1017
2024-07-20,1033
2024-07-21,1040
2024-07-22,966
2024-07-23,980
2024-07-24,994
2024-07-25,1006
2024-07-26,985
2024-07-27,970
2024-07-28,959
2024-07-29,982
2024-07-30,996
2024-07-31,1047
2024-08-01,1041
2024-08-02,1037
2024-08-03,1047
2024-08-04,1046
2024-08-05,1012
2024-08-06,1031
2024-08-07,956
2024-08-08,1018
2024-08-09,1011
2024-08-10,980
2024-08-11,1007
2024-08-12,1045
2024-08-13,998
2024-08-14,1015
2024-08-15,980
2024-08-16,984
2024-08-17,1039
2024-08-18,953
2024-08-19,969
2024-08-20,1018
2024-08-21,995
2024-08-22,959
2024-08-23,1016
2024-08-24,987
2024-08-25,1008
2024-08-26,992
2024-08-27,1003
2024-08-28,1006
2024-08-29,990
2024-08-30,961
2024-08-31,968
2024-09-01,1039
2024-09-02,1005
2024-09-03,961
2024-09-04,1036
2024-09-05,975
2024-09-06,959
2024-09-07,1003
2024-09-08,975
2024-09-09,999
2024-09-10,1005
2024-09-11,973
2024-09-12,1007
2024-09-13,961
2024-09-14,1001
2024-09-15,1009
2024-09-16,958
2024-09-17,991
2024-09-18,957
2024-09-19,994
2024-09-20,1036
2024-09-21,1005
2024-09-22,1021
2024-09-23,1026
2024-09-24,961
2024-09-25,1049
2024-09-26,1022
2024-09-27,960
2024-09-28,1033
2024-09-29,989
2024-09-30,967
2024-10-01,1046
2024-10-02,1006
2024-10-03,1027
2024-10-04,964
2024-10-05,1028
2024-10-06,956
2024-10-07,974
2024-10-08,987
2024-10-09,952
2024-10-10,1009
2024-10-11,971
2024-10-12,980
2024-10-13,1021
2024-10-14,993
2024-10-15,1039
2024-10-16,1012
2024-10-17,1037
2024-10-18,1006
2024-10-19,1042
2024-10-20,1037
2024-10-21,967
2024-10-22,1025
2024-10-23,984
2024-10-24,1026
2024-10-25,1018
2024-10-26,1033
2024-10-27,962
2024-10-28,987
2024-10-29,1024
2024-10-30,1045
2024-10-31,1022
2024-11-01,954
2024-11-02,1010
2024-11-03,960
2024-11-04,1005
2024-11-05,1030
2024-11-06,961
2024-11-07,1043
2024-11-08,1018
2024-11-09,975
2024-11-10,969
2024-11-11,995
2024-11-12,1034
2024-11-13,1008
2024-11-14,961
2024-11-15,952
2024-11-16,961
2024-11-17,1030
2024-11-18,969
2024-11-19,1005
2024-11-20,979
2024-11-21,1019
2024-11-22,988
2024-11-23,964
2024-11-24,1038
2024-11-25,1004
2024-11-26,1019
2024-11-27,1031
2024-11-28,1045
2024-11-29,951
2024-11-30,984
2024-12-01,965
2024-12-02,1000
2024-12-03,1037
2024-12-04,1030
2024-12-05,954
2024-12-06,968
2024-12-07,1032
2024-12-08,1018
2024-12-09,989
2024-12-10,998
2024-12-11,966
2024-12-12,1035
2024-12-13,989
2024-12-14,1037
2024-12-15,1011
2024-12-16,958
2024-12-17,983
2024-12-18,972
2024-12-19,1039
2024-12-20,1009
2024-12-21,954
2024-12-22,967
2024-12-23,986
2024-12-24,997
2024-12-25,1008
2024-12-26,989
2024-12-27,985
2024-12-28,951
2024-12-29,1008
2024-12-30,983
2024-12-31,952
2025-01-01,1992
2025-01-02,2097
2025-01-03,1909
2025-01-04,1929
2025-01-05,2034
2025-01-06,1955
2025-01-07,1955
2025-01-08,2000
2025-01-09,1952
2025-01-10,2014
2025-01-11,2006
2025-01-12,2091
2025-01-13,2098
2025-01-14,1907
2025-01-15,2012
2025-01-16,2054
2025-01-17,2074
2025-01-18,2055
2025-01-19,2027
2025-01-20,2027
2025-01-21,1973
2025-01-22,1956
2025-01-23,2059
2025-01-24,2075
2025-01-25,2088
2025-01-26,2036
2025-01-27,980
2025-01-28,1026
2025-01-29,614
2025-01-30,601
2025-01-31,608
2025-02-01,591
2025-02-02,603
2025-02-03,594
2025-02-04,574
2025-02-05,590
2025-02-06,589
2025-02-07,629
2025-02-08,599
2025-02-09,987
2025-02-10,974
2025-02-11,973
2025-02-12,985
2025-02-13,964
2025-02-14,951
2025-02-15,1037
2025-02-16,995
2025-02-17,995
2025-02-18,1007
2025-02-19,980
2025-02-20,967
2025-02-21,957
2025-02-22,980
2025-02-23,981
2025-02-24,1023
2025-02-25,1005
2025-02-26,1044
2025-02-27,984
2025-02-28,1042
2025-03-01,1008
2025-03-02,958
2025-03-03,968
2025-03-04,1008
2025-03-05,1049
2025-03-06,986
2025-03-07,1027
2025-03-08,993
2025-03-09,1037
2025-03-10,957
2025-03-11,998
2025-03-12,1040
2025-03-13,978
2025-03-14,976
2025-03-15,952
2025-03-16,966
2025-03-17,977
2025-03-18,1020
2025-03-19,972
2025-03-20,990
2025-03-21,970
2025-03-22,1010
2025-03-23,1036
2025-03-24,1015
2025-03-25,970
2025-03-26,1023
2025-03-27,1046
2025-03-28,1010
2025-03-29,958
2025-03-30,1031
2025-03-31,1038
2025-04-01,984
2025-04-02,964
2025-04-03,969
2025-04-04,1004
2025-04-05,1038
2025-04-06,1014
2025-04-07,1042
2025-04-08,971
2025-04-09,983
2025-04-10,1025
2025-04-11,1015
2025-04-12,991
2025-04-13,1018
2025-04-14,984
2025-04-15,956
2025-04-16,991
2025-04-17,955
2025-04-18,1013
2025-04-19,983
2025-04-20,999
2025-04-21,1010
2025-04-22,976
2025-04-23,996
2025-04-24,951
2025-04-25,1043
2025-04-26,1006
2025-04-27,1049
2025-04-28,956
2025-04-29,1011
2025-04-30,1022
2025-05-01,983
2025-05-02,959
2025-05-03,966
2025-05-04,964
2025-05-05,1027
2025-05-06,959
2025-05-07,1031
2025-05-08,992
2025-05-09,1004
2025-05-10,1009
2025-05-11,1005
2025-05-12,1016
2025-05-13,1010
2025-05-14,983
2025-05-15,1024
2025-05-16,976
2025-05-17,1021
2025-05-18,1026
2025-05-19,1028
2025-05-20,981
2025-05-21,1027
2025-05-22,1048
2025-05-23,995
2025-05-24,978
2025-05-25,1002
2025-05-26,1044
2025-05-27,963
2025-05-28,951
2025-05-29,998
2025-05-30,1016
2025-05-31,1027
2025-06-01,986
2025-06-02,1049
2025-06-03,973
2025-06-04,1026
2025-06-05,959
2025-06-06,953
2025-06-07,963
2025-06-08,956
2025-06-09,1000
2025-06-10,1006
2025-06-11,968
2025-06-12,1044
2025-06-13,987
2025-06-14,965
2025-06-15,968
2025-06-16,1024
2025-06-17,1042
2025-06-18,966
2025-06-19,953
2025-06-20,1028
2025-06-21,974
2025-06-22,1048
2025-06-23,1000
2025-06-24,1014
2025-06-25,984
2025-06-26,1030
2025-06-27,996
2025-06-28,982
2025-06-29,1040
2025-06-30,961
2025-07-01,1023
2025-07-02,957
2025-07-03,1015
2025-07-04,990
2025-07-05,1036
2025-07-06,956
2025-07-07,1006
2025-07-08,991
2025-07-09,1042
2025-07-10,1044
2025-07-11,1013
2025-07-12,972
2025-07-13,975
2025-07-14,976
2025-07-15,993
2025-07-16,973
2025-07-17,970
2025-07-18,1026
2025-07-19,1014
2025-07-20,980
2025-07-21,1049
2025-07-22,972
2025-07-23,1007
2025-07-24,966
2025-07-25,1036
2025-07-26,1037
2025-07-27,977
2025-07-28,1025
2025-07-29,1032
2025-07-30,978
2025-07-31,983
2025-08-01,999
2025-08-02,1039
2025-08-03,966
2025-08-04,1018
2025-08-05,1010
2025-08-06,995
2025-08-07,1008
2025-08-08,1038
2025-08-09,971
2025-08-10,1038
2025-08-11,986
2025-08-12,1028
2025-08-13,1036
2025-08-14,968
2025-08-15,1036
2025-08-16,1049
2025-08-17,980
2025-08-18,952
2025-08-19,961
2025-08-20,1047
2025-08-21,951
2025-08-22,1041
2025-08-23,965
2025-08-24,1024
2025-08-25,960
2025-08-26,967
2025-08-27,1018
2025-08-28,959
2025-08-29,984
2025-08-30,1042
2025-08-31,1022
2025-09-01,1038
2025-09-02,1048
2025-09-03,953
2025-09-04,973
2025-09-05,1029
2025-09-06,1019
2025-09-07,954
2025-09-08,1000
2025-09-09,973
2025-09-10,993
2025-09-11,960
2025-09-12,952
2025-09-13,1049
2025-09-14,982
2025-09-15,1038
2025-09-16,962
2025-09-17,999
2025-09-18,964
2025-09-19,993
2025-09-20,968
2025-09-21,1019
2025-09-22,965
2025-09-23,1024
2025-09-24,1000
2025-09-25,961
2025-09-26,985
2025-09-27,1000
2025-09-28,1042
2025-09-29,985
2025-09-30,972
2025-10-01,1047
2025-10-02,1038
2025-10-03,1023
2025-10-04,977
2025-10-05,968
2025-10-06,976
2025-10-07,957
2025-10-08,954
2025-10-09,1001
2025-10-10,991
2025-10-11,1006
2025-10-12,986
2025-10-13,951
2025-10-14,1019
2025-10-15,1015
2025-10-16,1004
2025-10-17,1005
2025-10-18,1019
2025-10-19,1048
2025-10-20,1037
2025-10-21,1022
2025-10-22,990
2025-10-23,982
2025-10-24,992
2025-10-25,1047
2025-10-26,989
2025-10-27,989
2025-10-28,991
2025-10-29,964
2025-10-30,1050
2025-10-31,951
2025-11-01,1011
2025-11-02,1043
2025-11-03,975
2025-11-04,1011
2025-11-05,988
2025-11-06,974
2025-11-07,970
2025-11-08,962
2025-11-09,1034
2025-11-10,1028
2025-11-11,1041
2025-11-12,955
2025-11-13,1019
2025-11-14,982
2025-11-15,1015
2025-11-16,1005
2025-11-17,982
2025-11-18,1047
2025-11-19,950
2025-11-20,1025
2025-11-21,1035
2025-11-22,1001
2025-11-23,1009
2025-11-24,1049
2025-11-25,973
2025-11-26,1013
2025-11-27,1024
2025-11-28,988
2025-11-29,1021
2025-11-30,989
2025-12-01,1003
2025-12-02,1011
2025-12-03,1018
2025-12-04,982
2025-12-05,1013
2025-12-06,1004
2025-12-07,972
2025-12-08,1011
2025-12-09,976
2025-12-10,1041
2025-12-11,997
2025-12-12,1022
2025-12-13,1002
2025-12-14,998
2025-12-15,972
2025-12-16,964
2025-12-17,1043
2025-12-18,1003
2025-12-19,1002
2025-12-20,1003
2025-12-21,1031
2025-12-22,974
2025-12-23,967
2025-12-24,1032
2025-12-25,996
2025-12-26,1014
2025-12-27,1033
2025-12-28,1039
2025-12-29,1037
2025-12-30,954
2025-12-31,988
