source,target
/about-us,/about
/about-us/team,/about/team
/about-us/annual-report-2024,/about/reports/2024
/donate-now,/donate
/donate,/give
/get-involved/volunteer,/volunteer
/get-involved/volunteer-signup,/volunteer/apply
/volunteer/apply-old,/volunteer/apply
/news/2025/gala-recap,/stories/gala-recap-2025
/news,/stories
/programs/food-bank,/programs/food-security
/programs/food-security-old,/programs/food-security
/programs/youth,/programs/youth-mentoring
/events/gala,/events/annual-gala
/contact-us,/contact
/privacy-policy,/privacy
/terms-of-use,/terms
https://www.harbourlight.example/newsletter-signup,https://www.harbourlight.example/subscribe
/news/2019/year-in-review,/stories/2019-year-in-review
/news/2020/year-in-review,/stories/2020-year-in-review
/news/2021/year-in-review,/stories/2021-year-in-review
/news/2022/year-in-review,/stories/2022-year-in-review
/news/2023/year-in-review,/stories/2023-year-in-review
/news/2024/year-in-review,/stories/2024-year-in-review
/stories-archive/story-1,/stories/story-1
/stories-archive/story-2,/stories/story-2
/stories-archive/story-3,/stories/story-3
/stories-archive/story-4,/stories/story-4
/stories-archive/story-5,/stories/story-5
/stories-archive/story-6,/stories/story-6
/stories-archive/story-7,/stories/story-7
/stories-archive/story-8,/stories/story-8
/stories-archive/story-9,/stories/story-9
/stories-archive/story-10,/stories/story-10
/stories-archive/story-11,/stories/story-11
/stories-archive/story-12,/stories/story-12
