Day,Brand Ads Clicks,Brand SEO clicks ,Cost (USD),Conv.,Notes
5/4/2026,635,625,"$1,174.75",57,
5/5/2026,549,610,"$1,015.65",49,
5/6/2026,636,656,"$1,176.60",57,
5/7/2026,538,576,"$995.30",48,
5/8/2026,580,613,"$1,073.00",52,
5/9/2026,439,452,"$812.15",39,
5/9/2026,439,452,"$812.15",39,
5/10/2026,429,438,"$793.65",38,
5/11/2026,645,591,"$1,193.25",58,
5/12/2026,592,563,"$1,095.20",53,
5/15/2026,569,578,"$1,052.65",51,
5/16/2026,410,422,"$758.50",36,
5/17/2026,n/a,379,"$619.75",30,
5/18/2026,594,626,"$1,098.90",53,
5/19/2026,576,584,"$1,065.60",51,
5/20/2026,598,578,"$1,106.30",53,
5/21/2026,555,614,"$1,026.75",49,
5/22/2026,624,597,"$1,154.40",56,
5/23/2026,408,427,"$754.80",36,
5/24/2026,449,434,"$830.65",40,
5/25/2026,0,916,,0,ads paused
5/26/2026,0,689,,0,
5/27/2026,0,746,,0,
5/28/2026,0,794,,0,
5/29/2026,0,796,,0,
5/29/2026,0,796,,0,
5/30/2026,0,492,,0,
5/31/2026,0,569,,0,
6/1/2026,0,775,,0,
6/2/2026,0,823,,0,
6/3/2026,0,786,,0,
6/5/2026,0,847,,0,
6/6/2026,0,530,,0,
6/7/2026,0,573,,0,
6/8/2026,0,878,,0,
6/9/2026,0,837,,0,
6/10/2026,0,831,,0,
6/11/2026,0,766,,0,
6/12/2026,0,742,,0,
6/13/2026,0,513,,0,
6/14/2026,0,574,,0,
6/15/2026,0,822,,0,
6/16/2026,0,655,,0,
6/17/2026,0,836,,0,
6/18/2026,0,801,,0,
6/19/2026,0,799,,0,
6/20/2026,0,532,,0,
6/21/2026,0,576,,0,
Total,,,,,
