date,paid_clicks,organic_clicks,spend,paid_conversions,organic_conversions
2026-10-19,246,246,196.80,12,9
2026-10-20,271,271,216.80,13,10
2026-10-21,275,275,220.00,13,11
2026-10-22,264,264,211.20,13,10
2026-10-23,266,266,212.80,13,10
2026-10-24,224,224,179.20,11,8
2026-10-25,233,233,186.40,11,9
2026-10-26,282,282,225.60,14,11
2026-10-27,275,275,220.00,13,11
2026-10-28,293,293,234.40,14,11
2026-10-29,283,283,226.40,14,11
2026-10-30,292,292,233.60,14,11
2026-10-31,225,225,180.00,11,9
2026-11-01,265,265,212.00,13,10
2026-11-02,288,288,230.40,14,11
2026-11-03,306,306,244.80,15,12
2026-11-04,288,288,230.40,14,11
2026-11-05,328,328,262.40,16,13
2026-11-06,301,301,240.80,15,12
2026-11-07,241,241,192.80,12,9
2026-11-08,253,253,202.40,12,10
2026-11-09,0,440,0.00,0,17
2026-11-10,0,422,0.00,0,16
2026-11-11,0,461,0.00,0,18
2026-11-12,0,451,0.00,0,18
2026-11-13,0,413,0.00,0,16
2026-11-14,0,371,0.00,0,14
2026-11-15,0,382,0.00,0,15
2026-11-16,0,466,0.00,0,18
2026-11-17,0,471,0.00,0,18
2026-11-18,0,464,0.00,0,18
2026-11-19,0,456,0.00,0,18
2026-11-20,0,473,0.00,0,18
2026-11-21,0,429,0.00,0,17
2026-11-22,0,412,0.00,0,16
2026-11-23,0,480,0.00,0,19
2026-11-24,0,494,0.00,0,19
2026-11-25,0,538,0.00,0,21
2026-11-26,0,515,0.00,0,20
2026-11-27,0,468,0.00,0,18
2026-11-28,0,458,0.00,0,18
2026-11-29,0,457,0.00,0,18
