date,variant,visitors,conversions
2026-03-02,control,1500,45
2026-03-02,new_form,1500,40
2026-03-03,control,1500,32
2026-03-03,new_form,1500,46
2026-03-04,control,1500,53
2026-03-04,new_form,1500,58
2026-03-05,control,1500,46
2026-03-05,new_form,1500,48
2026-03-06,control,1500,51
2026-03-06,new_form,1500,48
2026-03-07,control,1500,42
2026-03-07,new_form,1500,41
2026-03-08,control,1500,43
2026-03-08,new_form,1500,49
2026-03-09,control,1500,39
2026-03-09,new_form,1500,47
2026-03-10,control,1500,43
2026-03-10,new_form,1500,52
2026-03-11,control,1500,44
2026-03-11,new_form,1500,57
2026-03-12,control,1500,35
2026-03-12,new_form,1500,53
2026-03-13,control,1500,36
2026-03-13,new_form,1500,39
2026-03-14,control,1500,39
2026-03-14,new_form,1500,42
2026-03-15,control,1500,37
2026-03-15,new_form,1500,39
2026-03-16,control,1500,42
2026-03-16,new_form,1500,42
2026-03-17,control,1500,42
2026-03-17,new_form,1500,31
2026-03-18,control,1500,41
2026-03-18,new_form,1500,48
2026-03-19,control,1500,46
2026-03-19,new_form,1500,43
2026-03-20,control,1500,57
2026-03-20,new_form,1500,51
2026-03-21,control,1500,54
2026-03-21,new_form,1500,43
2026-03-22,control,1500,50
2026-03-22,new_form,1500,40
